category,id,name,image,status
cpu,CPU-1000,מעבד Intel Ultra 5 225F Tray No GPU Up to 4.9Ghz AI BOOST 13TOPS,images/products/CPU-1000.webp,מוכן
cpu,CPU-1001,מעבד Intel Ultra 5 225 Tray Up to 4.9Ghz 10Cores AI BOOST 13 TOPS,images/products/CPU-1001.webp,מוכן
cpu,CPU-1002,מעבד Intel Core Ultra 5 Processor 230F 10Cores 5Ghz no GPU No Fan,images/products/CPU-1002.webp,מוכן
cpu,CPU-1003,מעבד Intel Core Ultra 5 245KF Tray No GPU No Fans Up To 5.2GHz,images/products/CPU-1003.jpg,מוכן
cpu,CPU-1004,מעבד Intel Core Ultra 5 245K Tray No Fans Up To 5.2GHz,images/products/CPU-1004.jpg,מוכן
cpu,CPU-1005,מעבד Intel Core Ultra 5 245 Tray Up To 5.1GHz NPU Intel Graphics,images/products/CPU-1005.webp,מוכן
cpu,CPU-1006,מעבד Intel Core Ultra 5 processor 250KF Plus tray 18Cores 5.3 Ghz,images/products/CPU-1006.webp,מוכן
cpu,CPU-1007,מעבד Intel Core Ultra 5 processor 250K Plus 18Cores Up to 5.3Ghz,images/products/CPU-1007.webp,מוכן
cpu,CPU-1008,מעבד Intel Core Ultra 7 265KF Tray No GPU No Fans Up To 5.5GHz,images/products/CPU-1008.jpg,מוכן
cpu,CPU-1009,מעבד Intel Core Ultra 7 265K Tray Up To 5.5GHz NPU LGA 1851,images/products/CPU-1009.jpg,מוכן
cpu,CPU-1010,מעבד Intel Core Ultra 7 processor 270K Plus 24Cores Up to 5.5Ghz,images/products/CPU-1010.webp,מוכן
cpu,CPU-1011,מעבד Intel Core Ultra 9 285K Tray Up To 5.7GHz NPU LGA 1851,images/products/CPU-1011.jpg,מוכן
cpu,CPU-1012,מעבד דור 14 Intel Core I3 14100F Tray no fan No GPU up to 4.7GHZ,images/products/CPU-1012.webp,מוכן
cpu,CPU-1013,מעבד דור 14 Intel Core I3 14100 Tray no fan up to 4.7GHZ,images/products/CPU-1013.webp,מוכן
cpu,CPU-1014,מעבד Intel Core I5-14400F Tray No GPU 4.7 Ghz No Fan 65W TDP,images/products/CPU-1014.webp,מוכן
cpu,CPU-1015,מעבד Intel Core I5-14400 Tray 4.7 Ghz intel UHD No Fan 65W TDP,images/products/CPU-1015.webp,מוכן
cpu,CPU-1016,מעבד דור 14 Intel i5-14600KF Tray 14 Cores No GPU up to 5.3Ghz,images/products/CPU-1016.webp,מוכן
cpu,CPU-1017,מעבד דור 14 Intel I5-14600K Tray 14 Cores UHD770,images/products/CPU-1017.webp,מוכן
cpu,CPU-1018,מעבד Intel I7-14700F no Gpu No Fan up to 5.4Ghz 20 cores,images/products/CPU-1018.webp,מוכן
cpu,CPU-1019,מעבד דור 14 Intel I7-14700KF Tray 20 cores NO GPU LGA1700,images/products/CPU-1019.webp,מוכן
cpu,CPU-1020,מעבד דור 14 Intel I7-14700K Tray 20 cores UHD770 LGA1700,images/products/CPU-1020.webp,מוכן
cpu,CPU-1021,מעבד Intel I7-14700 Tray No Fan up to 5.4Ghz 20 cores UHD770,images/products/CPU-1021.webp,מוכן
cpu,CPU-1022,מעבד דור 14 Intel I9-14900KF tray No GPU 24 Cores Max TDP 253W,images/products/CPU-1022.webp,מוכן
cpu,CPU-1023,מעבד דור 14 Intel I9-14900K tray 24 Cores Max TDP 253W UHD770,images/products/CPU-1023.webp,מוכן
cpu,CPU-1024,מעבד Intel Core i7-13700F Tray no Fan NO GPU up to 5.2Ghz LGA1700,images/products/CPU-1024.webp,מוכן
cpu,CPU-1025,מעבד ללא ליבה גרפית Intel i3-12100F Tray No GPU 4.3Ghz lga1700,images/products/CPU-1025.jpg,מוכן
cpu,CPU-1026,מעבד דור 12 Intel i3-12100 Tray no fan up to 4.3Ghz lga 1700,images/products/CPU-1026.jpg,מוכן
cpu,CPU-1027,מעבד אינטל דור 12 INTEL I5-12400 BOX+Fan 6CRS 117W LGA1700,images/products/CPU-1027.jpg,מוכן
cpu,CPU-1028,מעבד אינטל דור 12 INTEL I5-12400F Tray No Fan NO GPU 117W LGA1700,images/products/CPU-1028.jpg,מוכן
cpu,CPU-1029,מעבד אינטל דור 12 INTEL I5-12400 Tray 6CRS 117W LGA1700,images/products/CPU-1029.jpg,מוכן
cpu,CPU-1030,מעבד דור Intel Core i7-12700F No GPU BOX With Fan 25MB 4.90GHZ 12,images/products/CPU-1030.jpg,מוכן
cpu,CPU-1031,מעבד דור 12 INTEL I7-12700KF Tray 12 Cores 5Ghz NO GPU NO FAN,images/products/CPU-1031.webp,מוכן
cpu,CPU-1032,מעבד דור 12 INTEL I7-12700K Tray 12 Cores 5Ghz Unlocked NO FAN,images/products/CPU-1032.jpg,מוכן
cpu,CPU-1033,מעבד דור i7-12700 Tray 25M Cache up to 4.90 GHZ 12 Intel Core,images/products/CPU-1033.jpg,מוכן
cpu,CPU-1034,מעבד AMD Ryzen 5 9600X Tray up to 5.4GHz 6 cores Radeon Graphics,images/products/CPU-1034.jpg,מוכן
cpu,CPU-1035,מעבד AMD Ryzen 7 9800X3D ZEN5 AM5 8 Cores 16 Threads up to 5.2Ghz,images/products/CPU-1035.webp,מוכן
cpu,CPU-1036,מעבד AMD Ryzen7 9850X3D Tray With Radeon Graphics AM5,images/products/CPU-1036.webp,מוכן
cpu,CPU-1037,מעבד AMD R9 9900X Tray Zen5 AM5 12 Cores 24 Threads up to 5.6Ghz,images/products/CPU-1037.jpg,מוכן
cpu,CPU-1038,מעבד AMD Ryzen 9 9950X3D AM5 16 Cores 32 Tr up to 5.7Ghz Tray,images/products/CPU-1038.webp,מוכן
cpu,CPU-1039,מעבד AMD Ryzen 9 9950X3D2 Dual TRAY 16C 32Thr TDP Max 200W,images/products/CPU-1039.webp,מוכן
cpu,CPU-1040,מעבד AMD Ryzen 9 9950X ZEN5 AM5 16 Cores 32 Threads up to 5.7Ghz,images/products/CPU-1040.jpg,מוכן
cpu,CPU-1041,מעבד AMD ZEN 4 R5 7500F Tray No Fan No GPU Up To 5GHZ AM5,images/products/CPU-1041.jpg,מוכן
cpu,CPU-1042,מעבד AMD Ryzen5 7500X3D AM5 6 cores 12 threads up to 4.5Ghz,images/products/CPU-1042.webp,מוכן
cpu,CPU-1043,מעבד AMD R5 7600X ZEN4 AM5 6 Crs 12 Trd up to 5.3Ghz Radeon GPU,images/products/CPU-1043.webp,מוכן
cpu,CPU-1044,מעבד AMD Ryzen 5 8400F Zen4 6 Cores 12 Threads Up to 4.7GHz,images/products/CPU-1044.jpg,מוכן
cpu,CPU-1046,מעבד AMD ZEN 4 R5 8600G Tray no fan up to 5GHZ RADEON 760M GPU,images/products/CPU-1046.webp,מוכן
cpu,CPU-1047,מעבד AMD Ryzen 7 7700 Tray Gaming Processor PCIE 5.0 AM5 105W TDP,images/products/CPU-1047.jpg,מוכן
cpu,CPU-1048,מעבד AMD ZEN4 R7 7700X Tray no Fan AM5 TDP 105W Up to 4.5Ghz 8Crs,images/products/CPU-1048.webp,מוכן
cpu,CPU-1049,מעבד AMD Ryzen 7 7800X3D Max 5.0 GHZ 8Crs PCIE 5.0 AM5 120W TDP,images/products/CPU-1049.webp,מוכן
cpu,CPU-1050,מעבד AMD Ryzen 7 8700F Zen4 8 Cores 16 Threads Up to 5 GHz,images/products/CPU-1050.jpg,מוכן
cpu,CPU-1051,מעבד AMD Ryzen 7 9700X Tray up to 5.5GHz 8 cores Radeon Graphics,images/products/CPU-1051.jpg,מוכן
cpu,CPU-1052,מעבד AMD Ryzen 5 5500 3.6Ghz 4.2Ghz AM4 Tray no cooler,images/products/CPU-1052.jpg,מוכן
cpu,CPU-1053,מעבד AMD R5 5600G Tray 6 Cores 12 Threads 4.4Ghz Vega 7 Graphics,images/products/CPU-1053.webp,מוכן
cpu,CPU-1054,מעבד AMD Ryzen 5 5600 3.5Ghz 4.4Ghz AM4 Tray no Fan No GPU,images/products/CPU-1054.jpg,מוכן
cpu,CPU-1055,מעבד AMD Ryzen R5 5600X Box Cores 6 Threads 12 Up to 4.6Ghz,images/products/CPU-1055.jpg,מוכן
cpu,CPU-1056,מעבד AMD Ryzen R5 5600X Tray 6 Cores Threads 12 Up to 4.6Ghz,images/products/CPU-1056.webp,מוכן
cpu,CPU-1057,מעבד AMD Ryzen 7 5700G Tray 8Cores 16 Threads Vega 8 GPU,images/products/CPU-1057.webp,מוכן
cpu,CPU-1058,מעבד AMD ThreadRipper 7960X Tray 24 cores 48 threads sRT5,images/products/CPU-1058.jpg,מוכן
cpu,CPU-1059,מעבד AMD ThreadRipper 7970X Tray 32 cores 64 threads sRT5,images/products/CPU-1059.jpg,מוכן
mobo,MBD-3000,לוח לאינטל דור 15 Gigabyte Z890M GAMING X mATX 2.5GbE LGA1851,images/products/MBD-3000.webp,מוכן
mobo,MBD-3001,לוח אם אינטל GIGABYTE Z890M AORUS ELITE WIFI7 ICE WIFI7 BT PCIE 5,images/products/MBD-3001.webp,מוכן
mobo,MBD-3002,לוח לאינטל דור 15 Gigabyte Z890 UD WIFI6E 2.5GBE LAN ATX LGA1851,images/products/MBD-3002.webp,מוכן
mobo,MBD-3003,לוח לאינטל דור 15 Gigabyte Z890 EAGLE 2.5GbE 4XM.2 Slots ATX LGA1,images/products/MBD-3003.webp,מוכן
mobo,MBD-3004,לוח לאינטל דור 15 Gigabyte Z890 EGALE WIFI7 BT 4XM.2 Slots ATX LG,images/products/MBD-3004.webp,מוכן
mobo,MBD-3005,לוח לאינטל דור 15 Gigabyte Z890 AORUS PRO ICE 5GbE ATX LGA1851,images/products/MBD-3005.webp,מוכן
mobo,MBD-3006,לוח לאינטל דור 15 Gigabyte Z890 AORUS ELITE X ICE ATX LGA1851,images/products/MBD-3006.webp,מוכן
mobo,MBD-3007,לוח לאינטל דור 15 Gigabyte Z890 AORUS ELITE WIFI7 ICE ATX LGA1851,images/products/MBD-3007.webp,מוכן
mobo,MBD-3008,לוח לאינטל דור 15 Gigabyte Z890 AERO G DUAL 2.5 Lan 5Xm.2 TB4,images/products/MBD-3008.webp,מוכן
mobo,MBD-3009,לוח לאינטל דור 15 Gigabyte Z890 GAMING X WIFI7 2.5GbE ATX LGA1851,images/products/MBD-3009.webp,מוכן
mobo,MBD-3010,לוח אם Z890 AORUS TACHYON ICE ATX DDR5 WIFI BT LGA1851,images/products/MBD-3010.webp,מוכן
mobo,MBD-3011,לוח לאינטל דור 15 Gigabyte Z890 AORUS MASTER 10GBE LAN WIFI7 ATX,images/products/MBD-3011.webp,מוכן
mobo,MBD-3012,לוח אינטל דור 15 GIGABYTE Z890 AORUS MASTER AI TOP E-ATX WIFI7,images/products/MBD-3012.webp,מוכן
mobo,MBD-3013,לוח אם Gigabyte Z890 D PLUS ATX DDR5 2.5GB Lan PCIE5.0,images/products/MBD-3013.webp,מוכן
mobo,MBD-3014,לוח למעבד דור 15 Gigabyte B860M EAGLE V2 M-ATX 2.5GB LAN,images/products/MBD-3014.webp,מוכן
mobo,MBD-3015,לוח אם Gigabyte B860M E DDR5 LGA1851 Micro-Atx,images/products/MBD-3015.webp,מוכן
mobo,MBD-3016,לוח אם Gigabyte B860M E Gen5 DDR5 PCIE5.0 Micro-Atx,images/products/MBD-3016.webp,מוכן
mobo,MBD-3017,לוח לאינטל דור 15 Gigabyte B860M D3HP Micro-ATX DDR5,images/products/MBD-3017.webp,מוכן
mobo,MBD-3018,לוח אם GIGABYTE B860M DS3H 2.2 Micro-ATX DDR5 LGA1851 2.5GbE Lan,images/products/MBD-3018.webp,מוכן
mobo,MBD-3019,לוח לאינטל דור 15 Gigabyte B860M DS3H Micro-ATX WIFI BT DDR5,images/products/MBD-3019.webp,מוכן
mobo,MBD-3020,לוח Gigabyte B860M D3W DDR5 2XDP HDMI Micro-ATX PCIE5.0,images/products/MBD-3020.webp,מוכן
mobo,MBD-3021,לוח למעבד דור 15 Gigabyte B860M GAMING X WIFI6E ATX 2.5GB LAN,images/products/MBD-3021.webp,מוכן
mobo,MBD-3022,לוח אם B860M GAMING WIFI6 M-ATX DDR5 BT 2.5GBE LAN LGA1851,images/products/MBD-3022.webp,מוכן
mobo,MBD-3023,לוח למעבד דור 15 Gigabyte B860M AORUS ELITE WIFI6E ATX 2.5GB LAN,images/products/MBD-3023.webp,מוכן
mobo,MBD-3024,לוח למעבד דור 15 Gigabyte B860M AORUS ELITE WIFI6E ICE ATX 2.5GB,images/products/MBD-3024.webp,מוכן
mobo,MBD-3025,לוח למעבד דור 15 Gigabyte B860 DS3H WIFI6E ATX 2.5GB LAN,images/products/MBD-3025.webp,מוכן
mobo,MBD-3026,לוח למעבד דור 15 Gigabyte B860 EAGLE WIFI6E ATX 2.5GB LAN,images/products/MBD-3026.webp,מוכן
mobo,MBD-3027,לוח למעבד דור 15 Gigabyte B860 GAMING X WIFI6E ATX 2.5GB LAN,images/products/MBD-3027.webp,מוכן
mobo,MBD-3028,לוח למעבד דור 15 Gigabyte B860 A ELITE WIFI7 ICE ATX 2.5GB LAN,images/products/MBD-3028.webp,מוכן
mobo,MBD-3029,לוח Gigabyte H810M H 1.0 Micro-Atx DDR5 LGA1851 VGA HDMI,images/products/MBD-3029.webp,מוכן
mobo,MBD-3030,לוח Gigabyte H810M S2H 1.0 Micro-Atx DDR5 LGA1851 VGA HDMI,images/products/MBD-3030.webp,מוכן
mobo,MBD-3031,לוח אם דור 15 Gigabyte H810M K DDR5 M-Atx,images/products/MBD-3031.webp,מוכן
mobo,MBD-3032,לוח Gigabyte H810M Gaming WIFI6 Micro-Atx DDR5 LGA1851 DP HDMI,images/products/MBD-3032.webp,מוכן
mobo,MBD-3033,לוח Gigabyte Z790 AORUS ELITE AX DDR5 WIFI 6E 2.5GB Lan LGA1700 R,images/products/MBD-3033.webp,מוכן
mobo,MBD-3035,לוח אם Gigabyte Z790 D ATX DDR5 UD 2.5GB Lan,images/products/MBD-3035.webp,מוכן
mobo,MBD-3036,לוח אם Gigabyte Z790 D AX ATX DDR5 UD 2.5GB Lan WIFI6E,images/products/MBD-3036.webp,מוכן
mobo,MBD-3037,לוח אם Gigabyte Z790 EAGLE ATX DDR5 2.5GB Lan,images/products/MBD-3037.webp,מוכן
mobo,MBD-3038,לוח אם Gigabyte Z790 EAGLE ATX DDR5 2.5GB Lan WIFI6E,images/products/MBD-3038.webp,מוכן
mobo,MBD-3039,לוח Gigabyte B760M DS3H DDR4 LGA1700 MultiviewX4 Micro-Atx,images/products/MBD-3039.webp,מוכן
mobo,MBD-3040,לוח למעבדי אינטל Gigabyte B760M H DDR4 Micro Atx LGA1700,images/products/MBD-3040.webp,מוכן
mobo,MBD-3041,לוח אם GIGABYTE B760M GAMING PLUS WIFI DDR4 mATX LGA 1700 1GbE,images/products/MBD-3041.webp,מוכן
mobo,MBD-3042,לוח Gigabyte B760M GAMING X DDR4 Gen 5 PCIE5.0 Micro-ATX LGA1700,images/products/MBD-3042.webp,מוכן
mobo,MBD-3043,לוח אם Gigabyte B760 Gaming X DDR4 Gen5 ATX PCIE5.0,images/products/MBD-3043.webp,מוכן
mobo,MBD-3044,לוח אם אינטל GIGABYTE B760M D3HP DDR4 mATX DP HDMI VGA LGA1700,images/products/MBD-3044.webp,מוכן
mobo,MBD-3045,לוח Gigabyte B760M DS3H GEN5 M-ATX DDR5 DP HDMI LGA1700,images/products/MBD-3045.webp,מוכן
mobo,MBD-3046,לוח אם Gigabyte B760M DS3H WF6E GEN5 Micro-Atx DDR5,images/products/MBD-3046.webp,מוכן
mobo,MBD-3047,לוח אינטל דורות 12-14 Gigabyte B760M GAMING X AX 1.2 DDR5 Wifi BT,images/products/MBD-3047.webp,מוכן
mobo,MBD-3048,לוח אם Gigabyte B760M G X WF6E GEN5 DDR5 Micro-ATX 2.5GB Lan,images/products/MBD-3048.webp,מוכן
mobo,MBD-3049,לוח אם אינטל Gigabyte B760M D3HP DDR5 VGA HDMI DP LGA1700,images/products/MBD-3049.webp,מוכן
mobo,MBD-3050,לוח אם אינטל GIGABYTE B760M D3HP WIFI6 mATX DP HDMI VGA LGA1700,images/products/MBD-3050.webp,מוכן
mobo,MBD-3051,לוח אם אינטל GIGABYTE B760M E DDR5 DP HDMI VGA 1GbE lan LGA1700,images/products/MBD-3051.webp,מוכן
mobo,MBD-3052,לוח למעבדי אינטל Gigabyte B760M H V2 DDR5 Micro Atx LGA1700,images/products/MBD-3052.webp,מוכן
mobo,MBD-3053,לוח Gigabyte B760M AORUS ELITE WIFI 6E GEN 5 mATX BT,images/products/MBD-3053.webp,מוכן
mobo,MBD-3054,לוח אם אינטל Gigabyte B760 DS3H DDR5 ATX DP HDMI LGA1700,images/products/MBD-3054.webp,מוכן
mobo,MBD-3055,לוח אם אינטל Gigabyte B760 DS3H DDR5 Gen5 ATX DP HDMI LGA1700,images/products/MBD-3055.webp,מוכן
mobo,MBD-3056,לוח אם B760 DS3H WF6E GEN5 ATX DDR5 PCIE5.0X16 WIFI6E Gigabyte,images/products/MBD-3056.webp,מוכן
mobo,MBD-3057,לוח למעבדי אינטל Gigabyte B760 Gaming X Gen5 DDR5 ATX LGA1700,images/products/MBD-3057.webp,מוכן
mobo,MBD-3058,לוח למעבדי אינטל Gigabyte B760 Gaming X AX 1.2 DDR5 ATX WIFI6,images/products/MBD-3058.webp,מוכן
mobo,MBD-3059,לוח Gigabyte B760 DS3H DDR4 ATX PCIE 4.0 DP HDMI LGA1700,images/products/MBD-3059.webp,מוכן
mobo,MBD-3060,לוח לאינטל דור 12-14 Gigabyte H610M H DDR4 V3 REV1.0 VGA HDMI,images/products/MBD-3060.webp,מוכן
mobo,MBD-3061,לוח למעבדי אינטל Gigabyte H610M S2H V3 Micro-ATX VGA DP HDMI,images/products/MBD-3061.webp,מוכן
mobo,MBD-3062,לוח אם Gigabyte H610i DDR4 Mini-ITX LGA1700 VGA HDMI 2XDP,images/products/MBD-3062.webp,מוכן
mobo,MBD-3063,לוח אם GIGABYTE H610M K DDR4 M-ATX LGA1700 M.2 1GBE LAN,images/products/MBD-3063.webp,מוכן
mobo,MBD-3064,לוח אם Gigabyte H610M D3H WIFI DDR4 M-ATX 2x M.2 BT LGA1700,images/products/MBD-3064.webp,מוכן
mobo,MBD-3065,לוח למעבדי אינטל Gigabyte H610M S2H V2 Micro-ATX DDR5,images/products/MBD-3065.webp,מוכן
mobo,MBD-3066,לוח אם Gigabyte B650M D3HP 1.3 DDR5 AM5 Micro-Atx,images/products/MBD-3066.webp,מוכן
mobo,MBD-3067,לוח אם Gigabyte B650M D3HP AX 1.3 DDR5 AM5 WIFI BT Micro-Atx,images/products/MBD-3067.webp,מוכן
mobo,MBD-3068,לוח אם GIGABYTE X870 GAMING WIFI6 ATX DDR5 AM5 BT 2.5GB LAN,images/products/MBD-3068.webp,מוכן
mobo,MBD-3069,לוח אם Gigabyte X870 AORUS ELITE X3D ICE AMD AM5 WIFI7 ATX,images/products/MBD-3069.webp,מוכן
mobo,MBD-3070,לוח אם Gigabyte X870 GAMING X WIFI7 ATX DDR5 2.5GB Lan WIFI7,images/products/MBD-3070.webp,מוכן
mobo,MBD-3071,לוח אם GIGABYTE X870E AORUS ELITE WIFI7 ATX DDR5 AM5 BT 2.5GBE LA,images/products/MBD-3071.webp,מוכן
mobo,MBD-3072,לוח אם GIGABYE X870E AORUS PRO ATX WIFI7 DDR5 AM5 2.5GBE LAN,images/products/MBD-3072.webp,מוכן
mobo,MBD-3073,לוח אם GIGABYTE X870E AORUS PRO ICE ATX DDR5 WIFI7 AM5 2.5GBE LAN,images/products/MBD-3073.webp,מוכן
mobo,MBD-3074,לוח אם GIGABYTE X870E AORUS MASTER WIFI 7 ATX DDR5 AM5 5GBE LAN,images/products/MBD-3074.webp,מוכן
mobo,MBD-3075,לוח אם Gigabyte X870E AORUS PRO X3D AMD AM5 ATX WIFI7 DDR5,images/products/MBD-3075.webp,מוכן
mobo,MBD-3076,לוח אם GIGABYTE X870E AORUS PRO ICE X3D WIFI7 ATX DDR5 AM5,images/products/MBD-3076.webp,מוכן
mobo,MBD-3077,לוח אם Gigabyte X870E A MASTER X X3D 10GB/5GB lan Wifi 7 Usb 4.0,images/products/MBD-3077.webp,מוכן
mobo,MBD-3078,לוח אם GIGABYTE X870E AORUS MASTER X3D ICE WIFI7 ATX BT 10GBE,images/products/MBD-3078.webp,מוכן
mobo,MBD-3079,לוח אם Gigabyte X870E AORUS ELITE X3D DDR5 AM5 ATX WIFI7,images/products/MBD-3079.webp,מוכן
mobo,MBD-3080,לוח Gigabyte X870E AERO X DK WOOD X3D AM5 WIFI7 ATX,images/products/MBD-3080.webp,מוכן
mobo,MBD-3081,לוח אם GIGABYTE X870I AORUS PRO ICE MINI-ITX DDR5 AM5 BT 2.5GBE,images/products/MBD-3081.webp,מוכן
mobo,MBD-3082,לוח אם Gigabyte X870M A ELITE WF7 ATX AM5 DDR5 X3D PCIE5.0,images/products/MBD-3082.webp,מוכן
mobo,MBD-3083,לוח אם Gigabyte X870M A ELITE WF7 ICE ATX AM5 DDR5 X3D PCIE5.0,images/products/MBD-3083.webp,מוכן
mobo,MBD-3084,לוח אם GIGABYTE B850M DS3H DDR5 MICRO-ATX AM5 2.5GBE LAN,images/products/MBD-3084.webp,מוכן
mobo,MBD-3085,לוח אם GIGABYTE B850M D3HP MICRO-ATX DDR5 AM5 1GB LAN,images/products/MBD-3085.webp,מוכן
mobo,MBD-3086,לוח אם Gigabyte B850M D3HP 1.2 mATX DDR5 AM5 1GbE Lan USB-C,images/products/MBD-3086.webp,מוכן
mobo,MBD-3087,לוח אם GIGABYTE B850M GAMING X WIFI6E MICRO-ATX DDR5 AM5 BT 2.5GB,images/products/MBD-3087.webp,מוכן
mobo,MBD-3088,לוח אם Gigabyte B850M AORUS ELITE WIFI6E ICE M-ATX DDR5 AM5 2.5GB,images/products/MBD-3088.webp,מוכן
mobo,MBD-3089,לוח אם GIGABYTE B850M EAGLE WIFI6E ICE M-ATX DDR5 AM5 BT 2.5GB,images/products/MBD-3089.webp,מוכן
mobo,MBD-3090,לוח אם GIGABYTE B850 GAMING WIFI 6 ATX DDR5 AM5 BT,images/products/MBD-3090.webp,מוכן
mobo,MBD-3091,לוח אם GIGABYTE B850 GAMING X WIFI6E ATX DDR5 AM5 BT 2.5 GBE LAN,images/products/MBD-3091.webp,מוכן
mobo,MBD-3092,לוח אם GIGABYTE B850 EAGLE WIFI6E DDR5 AM5 BT,images/products/MBD-3092.webp,מוכן
mobo,MBD-3093,לוח אם GIGABYTE B850 AORUS ELITE WIFI7 ATX DDR5 AM5 BT 2.5GBE LAN,images/products/MBD-3093.webp,מוכן
mobo,MBD-3094,לוח אם GIGABYTE B850 AORUS ELITE WIFI7 ICE DDR5 AM5 BT 2.5GBE LAN,images/products/MBD-3094.webp,מוכן
mobo,MBD-3095,לוח אם GIGABYTE B850 AI TOP WIFI7 ATX DDR5 AM5 2x10GBE LAN,images/products/MBD-3095.webp,מוכן
mobo,MBD-3096,לוח אם Gigabyte B840M DS3H for AMD AM5 Cpu DDR5 HDMI,images/products/MBD-3096.webp,מוכן
mobo,MBD-3097,לוח אם Gigabyte B840M D2H 1.2 X3D DDR5 AM5 Micro-Atx,images/products/MBD-3097.webp,מוכן
mobo,MBD-3098,לוח Gigabyte X670E AORUS MASTER 1.1 AMD AM5 DDR5 WIFI 6E E-ATX,images/products/MBD-3098.webp,מוכן
mobo,MBD-3099,לוח Gigabyte B650M DS3H rev1.3 AM5 AMD CPU Micro-Atx DDR5,images/products/MBD-3099.webp,מוכן
mobo,MBD-3100,לוח אם Gigabyte B650M GAMING PLUS WF 1.3 AM5 DDR5 Micro-Atx,images/products/MBD-3100.webp,מוכן
mobo,MBD-3101,לוח אם Gigabyte B650M Gaming WIFI 6E 1.4 AM5 DDR5 Micro-ATX,images/products/MBD-3101.webp,מוכן
mobo,MBD-3102,לוח Gigabyte B650M S2H 1.4 AM5 Micro-Atx DDR5 DP HDMI AMD,images/products/MBD-3102.webp,מוכן
mobo,MBD-3103,לוח Gigabyte B650M A ELITE AX ICE ATX AM5 WIFI BT PCIE5.0 White,images/products/MBD-3103.webp,מוכן
mobo,MBD-3104,לוח GIGABYTE B650 AORUS ELITE AX V2 ATX AM5 DDR5 WIFI 6E,images/products/MBD-3104.webp,מוכן
mobo,MBD-3105,לוח Gigabyte B650 A ELITE AX ICE ATX AM5 WIFI BT PCIE5.0 White,images/products/MBD-3105.webp,מוכן
mobo,MBD-3106,לוח Gigabyte B650 Gaming X AX V2 ATX WIFI BT AMD Zen4 AM5 DDR5,images/products/MBD-3106.webp,מוכן
mobo,MBD-3107,לוח אם Gigabyte B650 UD AX AMD AM5 Wifi 6 PCIE 5.0 DDR5,images/products/MBD-3107.webp,מוכן
mobo,MBD-3108,לוח אם GIGABYTE B650 UD AX DDR5 WIFI6 BT AM5 1GB LAN,images/products/MBD-3108.webp,מוכן
mobo,MBD-3109,לוח אם Gigabyte B650E A ELITE X AX ICE ATX AM5 DDR5 WIFI BT White,images/products/MBD-3109.webp,מוכן
mobo,MBD-3110,לוח אם Gigabyte A620M GAMING X AMD AM5 Micro-ATX,images/products/MBD-3110.webp,מוכן
mobo,MBD-3111,לוח אם Gigabyte A620M GAMING X 2.0 AMD AM5 Micro-ATX,images/products/MBD-3111.webp,מוכן
mobo,MBD-3112,לוח למעבדי Gigabyte A620M DS3H DDR5 PCIE4.0 DP HDMI VGA AMD AM5,images/products/MBD-3112.webp,מוכן
mobo,MBD-3113,לוח למעבדי Gigabyte A620M H 2.2 DDR5 mATX DP HDMI AM5 AMD,images/products/MBD-3113.webp,מוכן
mobo,MBD-3114,לוח אם GIGABYTE A520M DS3H V2 1.0 AM4 AMD MICRO-ATX,images/products/MBD-3114.webp,מוכן
mobo,MBD-3115,לוח אם Gigabyte A520M DS3H AC 1.4 DDR4 M.2 WIFI BT AM4,images/products/MBD-3115.webp,מוכן
mobo,MBD-3116,לוח אם למעבדי Gigabyte A520M S2H 1.3 VGA DVI HDMI AM4 AMD,images/products/MBD-3116.webp,מוכן
mobo,MBD-3117,לוח אם Gigabyte A520M H ARGB AM4 DDR4 Micro-Atx HDMI DP,images/products/MBD-3117.webp,מוכן
mobo,MBD-3118,לוח אם Gigabyte AMD A520M K V2 rev 1.1 DDR4 For AM4,images/products/MBD-3118.webp,מוכן
mobo,MBD-3119,לוח אם Gigabyte B550 GAMING X V2 1.3 ATX DDR4 HDMI DVI AMD,images/products/MBD-3119.webp,מוכן
mobo,MBD-3120,לוח אם Gigabyte B550 GAMING X V2 1.4 ATX DDR4 HDMI DVI AMD,images/products/MBD-3120.webp,מוכן
mobo,MBD-3121,לוח אם Gigabyte B550M K DDR4 for AMD AM4 DP HDMI Micro-Atx,images/products/MBD-3121.webp,מוכן
mobo,MBD-3122,לוח Gigabyte B550M GAMING X WIFI6 AM4 DDR4 Micro-ATX,images/products/MBD-3122.webp,מוכן
mobo,MBD-3123,לוח אם למעבדי Gigabyte B550M DS3H 1.7 DDR4 Micro-Atx For AMD AM4,images/products/MBD-3123.webp,מוכן
mobo,MBD-3124,לוח אם למעבדי Gigabyte B550M DS3H R2 DDR4 Micro-Atx For AMD AM4,images/products/MBD-3124.webp,מוכן
mobo,MBD-3125,לוח אם למעבדי AMD AM4 Gigabyte B550M AORUS ELITE REV1.3,images/products/MBD-3125.webp,מוכן
mobo,MBD-3126,לוח אם Gigabyte B550M AORUS ELITE AX AM4 DDR4 WIFI DVI HDMI M-Atx,images/products/MBD-3126.webp,מוכן
mobo,MBD-3127,לוח אם למעבדי Gigabyte B550 AORUS ELITE V2 rev 1.5 AMD AM4,images/products/MBD-3127.webp,מוכן
mobo,MBD-3128,לוח אם GIGABYTE B550 AORUS ELITE AX V2 RGB,images/products/MBD-3128.webp,מוכן
mobo,MBD-3129,לוח אם למעבדי Gigabyte B550 EAGLE DDR4 ATX For AMD AM4,images/products/MBD-3129.webp,מוכן
mobo,MBD-3130,לוח Gigabyte B550 EAGLE WIFI6 ATX AM4 DDR4 BT HDMI,images/products/MBD-3130.webp,מוכן
mobo,MBD-3131,לוח אם Gigabyte B550M K WF6E AM4 Micro-AtX DDR4,images/products/MBD-3131.webp,מוכן
mobo,MBD-3132,לוח Gigabyte TRX 50 AERO D for AMD Ryzen Threadripper pro 7000,images/products/MBD-3132.webp,מוכן
mobo,MBD-3133,לוח אם Gigabyte TRX50 AI TOP for AMD sTR5 7000 series usb 4.0,images/products/MBD-3133.webp,מוכן
mobo,MBD-3134,לוח אם מתוקן למעבדי אינטל דור 10 GIGABYTE B460M DS3H,images/products/MBD-3134.webp,מוכן
mobo,MBD-3135,לוח אם מתוקן לאינטל דור 10 Gigabyte H410M H Micro-ATX LGA1200,images/products/MBD-3135.webp,מוכן
mobo,MBD-3136,לוח משופץ Gigabyte H470M DS3H Micro-Atx VGA DVI HDMI DP,images/products/MBD-3136.webp,מוכן
mobo,MBD-3137,לוח משופץ Gigabyte H510M H Micro-Atx LGA1200 PCIE4.0X16,images/products/MBD-3137.webp,מוכן
mobo,MBD-3138,לוח אם משופץ דור 10 Gigabyte Z490M Micro-ATX DVI HDMI DP,images/products/MBD-3138.webp,מוכן
ram,RAM-4000,ז. לנייח KINGSTON FURY Beast RGB 16GB DDR5 6000MHZ C36 EXPO/XMP,images/products/RAM-4000.jpg,מוכן
ram,RAM-4001,ז. לנייח KINGSTON FURY Beast RGB 32GB DDR5 6000MHZ C36 EXPO/XMP,images/products/RAM-4001.jpg,מוכן
ram,RAM-4002,זכרון לנייח Kingston Fury Beast RGB 32GB DDR5 5600M CL36,images/products/RAM-4002.jpg,מוכן
ram,RAM-4003,Kingston Fury Beast RGB Expo 32GB 2X16 5600MHZ DDR5 CL36,images/products/RAM-4003.jpg,מוכן
ram,RAM-4004,זכרון לנייח Kingston Fury Beast RGB 32GB 2C16 DDR5 5600MHZ C40,images/products/RAM-4004.jpg,מוכן
ram,RAM-4005,זכרון לנייח Kingston FURY Beast White RGB 16GB 6000Mhz C30,images/products/RAM-4005.jpg,מוכן
ram,RAM-4006,זכרון לנייח Kingston FURY Beast White RGB 32GB 6000Mhz C30,images/products/RAM-4006.jpg,מוכן
ram,RAM-4007,ז. לנייח Kingston Fury Beast RGB 16GB DDR5 5600MHZ C36 AMD EXPO,images/products/RAM-4007.jpg,מוכן
ram,RAM-4008,זכרון לנייח Kingston Fury Beast RGB 32GB DDR5 5200Mhz C40,images/products/RAM-4008.jpg,מוכן
ram,RAM-4009,זכרון לנייח KINGSTON FURY BEAST RGB 32GB 5600MHZ CL36 EXPO/XMP,images/products/RAM-4009.jpeg,מוכן
ram,RAM-4010,זכרון לנייח Kingston Fury Beast RGB 16GB 5600MHZ DDR5 C40 XMP,images/products/RAM-4010.jpg,מוכן
ram,RAM-4011,זכרון לנייח KINGSTON FURY BEAST 32GB 6000MHZ CL30 EXPO/XMP,images/products/RAM-4011.jpg,מוכן
ram,RAM-4012,Kingston Fury Beast RGB 32GB kit 2x16GB 6000Mhz DDR5 C30 AMD Expo,images/products/RAM-4012.jpg,מוכן
ram,RAM-4013,Kingston Fury Beast White RGB Expo 32GB 2X16 6000MHZ DDR5 CL30,images/products/RAM-4013.webp,מוכן
ram,RAM-4014,Kingston Fury Beast White Expo 32GB 2X16 6000MHZ DDR5 CL30,images/products/RAM-4014.jpg,מוכן
ram,RAM-4015,ז. לנייח KINGSTON FURY BEAST 32GB 2X16GB 6000MHZ CL30 EXPO/XMP,images/products/RAM-4015.jpg,מוכן
ram,RAM-4016,ז. לנייח KINGSTON FURY BEAST RGB 32GB DDR5 6000MHZ CL36 EXPO/XMP,images/products/RAM-4016.jpeg,מוכן
ram,RAM-4017,ז.לנייח KINGSTON FURY BEAST RGB 32GB 2X16GB 6000MHZ CL36 EXPO/XMP,images/products/RAM-4017.jpg,מוכן
ram,RAM-4018,זכרון לנייח Kingston FURY Beast DDR5 32GB 2x16GB 6000MHZ C36,images/products/RAM-4018.jpg,מוכן
ram,RAM-4019,זכרון לנייח לבן Kingston Fury Beast RGB 32GB 2X16 DDR5 6000Mhz C3,images/products/RAM-4019.webp,מוכן
ram,RAM-4020,ז.לבן לנייח DDR5 32GB 2x16GB 6400Mhz C32 Kingston Fury Beast RGB,images/products/RAM-4020.jpg,מוכן
ram,RAM-4021,זכרון לנייח Kingston Fury Beast RGB 32GB 2X16 DDR5 6800Mhz C34,images/products/RAM-4021.jpg,מוכן
ram,RAM-4022,זכרון לבן לנייח Kingston Fury Beast RGB 32GB DDR5 6800Mhz C34,images/products/RAM-4022.jpg,מוכן
ram,RAM-4023,זכרון לנייח Kingston Fury Beast 32GB DDR5 6800Mhz C34,images/products/RAM-4023.webp,מוכן
ram,RAM-4024,זכרון לנייח KINGSTON FURY BEAST RGB DDR5 32GB 5600MHZ CL40 XMP,images/products/RAM-4024.jpeg,מוכן
ram,RAM-4025,זכרון לנייח KINGSTON FURY BEAST DDR5 16GB 6000MHZ CL30 EXPO XMP,images/products/RAM-4025.jpg,מוכן
ram,RAM-4026,ז.לנייח KINGSTON FURY BEAST RGB 16GB DDR5 6000MHZ CL30 EXPO XMP,images/products/RAM-4026.jpeg,מוכן
ram,RAM-4027,ז.לנייח KINGSTON FURY BEAST RGB 32GB DDR5 6000MHZ CL30 EXPO XMP,images/products/RAM-4027.jpeg,מוכן
ram,RAM-4028,זכרון לנייח Kingston Fury Beast Black 32GB 2X16 6000MHZ DDR5 C36,images/products/RAM-4028.jpg,מוכן
ram,RAM-4029,זכרון Kingston Fury Beast DDR5 32GB 2X16 6400MHZ CL32 INTEL XMP,images/products/RAM-4029.webp,מוכן
ram,RAM-4030,Kingston Fury Beast DDR5 64GB 2x32GB 6000MHZ DDR5 CL30 EXPO RAM,images/products/RAM-4030.jpg,מוכן
ram,RAM-4031,זכרון לנייח Kingston Fury Beast 32GB DDR5 6000Mhz C36 EXPO/XMP,images/products/RAM-4031.jpg,מוכן
ram,RAM-4032,ז.לנייח Kingston Fury Beast BLACK RGB 64GB 2X32GB DDR5 6K Mhz C36,images/products/RAM-4032.jpg,מוכן
ram,RAM-4033,זכרון Kingston Fury Beast DDR5 64GB 2X32 6400MHZ CL32 INTEL XMP,images/products/RAM-4033.jpg,מוכן
ram,RAM-4034,זכרון לנייח Kingston Fury Beast Black RGB 16GB 6400MHZ DDR5 C36,images/products/RAM-4034.jpeg,מוכן
ram,RAM-4035,זכרון לנייח Kingston Fury Beast Black RGB 32GB 6400MHZ DDR5 C32,images/products/RAM-4035.jpg,מוכן
ram,RAM-4036,זכרון לנייח Kingston ValueRam 32GB 5600MHZ DDR5 non-ECC C46,images/products/RAM-4036.jpg,מוכן
ram,RAM-4037,זכרון לנייח Kingston ValueRam 16GB 5600MHZ DDR5 non-ECC C46,images/products/RAM-4037.webp,מוכן
ram,RAM-4038,זכרון Crucial 32GB DDR5 Pro Overclocking 6400MHZ 1.35V C40 Black,images/products/RAM-4038.jpg,מוכן
ram,RAM-4039,זכרון לנייח Crucial 16GB DDR5 5600Mhz C46,images/products/RAM-4039.webp,מוכן
ram,RAM-4040,זכרון לנייח Crucial Pro 16GB DDR5-5600 C46 UDIMM,images/products/RAM-4040.webp,מוכן
ram,RAM-4041,זכרון לנייח Crucial Pro 16GB DDR5 5600Mhz C46 UDIMM,images/products/RAM-4041.webp,מוכן
ram,RAM-4042,זכרון לנייח Crucial Pro DDR5 16GB 6000Mhz C36 UDIMM,images/products/RAM-4042.webp,מוכן
ram,RAM-4043,זכרון לנייח Crucial Pro DDR5 16GB 6000Mhz C36 UDIMM OC Gaming,images/products/RAM-4043.webp,מוכן
ram,RAM-4044,זכרון לנייח Crucial Pro DDR5 16GB 6400Mhz C32 White,images/products/RAM-4044.webp,מוכן
ram,RAM-4045,זכרון לנייח Crucial 16GB DDR5 Pro Overclocking 6400MHZ 1.38V C38,images/products/RAM-4045.webp,מוכן
ram,RAM-4046,זכרון לנייח Crucial 16GB DDR5 Pro Overclocking 6400MHZ 1.35V C38,images/products/RAM-4046.jpg,מוכן
ram,RAM-4047,זכרון לנייח Crucial 32GB DDR5 5600Mhz C46,images/products/RAM-4047.webp,מוכן
ram,RAM-4048,זכרון לנייח Crucial Pro DDR5 32GB 2X16 6000Mhz C36,images/products/RAM-4048.webp,מוכן
ram,RAM-4049,זכרון לנייח Crucial Classic DDR5 32GB 6400Mhz C52 CUDIMM,images/products/RAM-4049.webp,מוכן
ram,RAM-4050,זכרון לבן לנייח Crucial Pro DDR5 32GB 2X16 6400Mhz C32 XMP/EXPO,images/products/RAM-4050.jpg,מוכן
ram,RAM-4051,זכרון לנייח Crucial Pro DDR5 32GB 2X16 6400Mhz C38 UDIMM XMP/EXPO,images/products/RAM-4051.jpg,מוכן
ram,RAM-4052,זכרון לנייח Crucial 64GB DDR5 5600Mhz C46 UDIMM Desktop Memory,images/products/RAM-4052.webp,מוכן
ram,RAM-4053,ז.לנייח Corsair Vengeance RGB DDR5 32GB 2X16 5200MHZ C40kit White,images/products/RAM-4053.webp,מוכן
ram,RAM-4054,ז.לנייח Corsair Vengeance RGB DDR5 32GB 2X16 6000MHZ C36kit White,images/products/RAM-4054.webp,מוכן
ram,RAM-4055,ז. לנייח Corsair Vengeance RGB 32GB 2X16 DDR5 6000Mhz C30,images/products/RAM-4055.webp,מוכן
ram,RAM-4056,זכרון לנייח Corsair Vengeance RGB 16GB DDR5 5600Mhz C40 XMP 3.0,images/products/RAM-4056.webp,מוכן
ram,RAM-4057,ז. לנייח CORSAIR VENGEANCE 16GB DDR5 6000MHz C36 EXPO,images/products/RAM-4057.jpg,מוכן
ram,RAM-4058,זכרון לנייח DDR5 6000MHz C36 AMD EXPO Corsair Vengeance RGB 16GB,images/products/RAM-4058.jpg,מוכן
ram,RAM-4059,זכרון לנייח Corsair Vengeance RGB 16GB DDR5 6000Mhz C38,images/products/RAM-4059.webp,מוכן
ram,RAM-4060,זכרון לנייח Corsair Vengeance 32GB 2X16 DDR5 6000Mhz C30 XMP 3.0,images/products/RAM-4060.webp,מוכן
ram,RAM-4061,ז. לנייח CORSAIR VENGEANCE RGB DDR5 RAM 32GB 2x16GB 6000MHz CL30,images/products/RAM-4061.jpg,מוכן
ram,RAM-4063,ז. לנייח CORSAIR VENGEANCE RGB 32GB 2x16GB DDR5 6000MHz C36,images/products/RAM-4063.jpg,מוכן
ram,RAM-4064,ז.לנייח Corsair Vengeance RGB DDR5 32GB 2X16 6000MHZ C36 White,images/products/RAM-4064.webp,מוכן
ram,RAM-4065,זכרון לנייח Corsair Vengeance RGB DDR5 32GB 2X16 6000Mhz C38,images/products/RAM-4065.webp,מוכן
ram,RAM-4067,זכרון לבן לנייח Corsair Vengeance RGB 32GB 2X16 DDR5 6000Mhz C38,images/products/RAM-4067.webp,מוכן
ram,RAM-4068,זכרון לנייח Corsair Vengeance RGB 32GB 2X16 DDR5 6400Mhz C32,images/products/RAM-4068.jpg,מוכן
ram,RAM-4069,זכרון לנייח Corsair Vengeance RGB 32GB 2X16 DDR5 7000Mhz C34,images/products/RAM-4069.jpg,מוכן
ram,RAM-4070,ז. לנייח CORSAIR VENGEANCE RGB 64GB 2x32GB DDR5 6000MHz C30,images/products/RAM-4070.jpg,מוכן
ram,RAM-4071,ז. לנייח Corsair Vengeance RGB 64GB 2X32 DDR5 6000Mhz C40 AMD,images/products/RAM-4071.jpg,מוכן
ram,RAM-4072,ז.לנייח Corsair Vengeance RGB DDR5 64GB 6000MHZ 2X32 C40 XMP3,images/products/RAM-4072.jpg,מוכן
ram,RAM-4073,זכרון לנייח Corsair Vengeance RGB Black 64GB 2X32 6400MHz DDR5 C4,images/products/RAM-4073.jpg,מוכן
ram,RAM-4074,זכרון לנייח Corsair Vengeance RGB 64GB 2X32 DDR5 5600Mhz c40 EXPO,images/products/RAM-4074.webp,מוכן
ram,RAM-4075,זכרון לנייח Corsair Vengeance DDR5 32GB 5600MHZ 1X32GB C40,images/products/RAM-4075.jpg,מוכן
ram,RAM-4076,זכרון לנייח Corsair Vengeance 16GB 2X8 DDR5 5200MHZ C40 INTEL XMP,images/products/RAM-4076.webp,מוכן
ram,RAM-4077,זכרון לנייח Corsair Vengeance 16GB 2X8 DDR5 5200MHZ C40 AMS EXPO,images/products/RAM-4077.webp,מוכן
ram,RAM-4078,זכרון לנייח Corsair Vengeance 16GB DDR5 6000MHZ C36 AMD Expo BlK,images/products/RAM-4078.webp,מוכן
ram,RAM-4079,זכרון לנייח Corsair Vengeance 16GB DDR5 6000MHz C38 EXPO XMP,images/products/RAM-4079.webp,מוכן
ram,RAM-4080,זכרון לנייח Corsair Vengeance DDR5 16GB 6000MHZ C36 Intel XMP,images/products/RAM-4080.webp,מוכן
ram,RAM-4081,ז.לנייח Corsair Vengeance DDR5 32GB 5200MHZ 2X16 C40 AMD EXPO,images/products/RAM-4081.webp,מוכן
ram,RAM-4082,ז. לנייח Corsair VENGEANCE 32GB 2x16 DDR5 6000MHz C36 AMD EXPO,images/products/RAM-4082.webp,מוכן
ram,RAM-4083,ז. לנייח CORSAIR VENGEANCE 32GB 2X16 DDR5 6000Mhz C36 WHITE,images/products/RAM-4083.webp,מוכן
ram,RAM-4084,ז. לנייח Corsair Vengeance 32GB 2X16 DDR5 6000MHz C38 Black KIT,images/products/RAM-4084.jpg,מוכן
ram,RAM-4085,ז. לנייח Corsair Vengeance 32GB 2X16 DDR5 6000MHz C38 Black KIT,images/products/RAM-4085.webp,מוכן
ram,RAM-4086,זכרון לנייח Corsair Vengeance 32GB 2X16 DDR5 6000 C38,images/products/RAM-4086.webp,מוכן
ram,RAM-4087,זכרון לנייח Corsair Vengeance RGB 32GB 2X16 DDR5 6000Mhz c38 Expo,images/products/RAM-4087.webp,מוכן
ram,RAM-4088,זכרון לנייח DDR5 6000 C38 Corsair Vengeance White 32GB 2X16,images/products/RAM-4088.webp,מוכן
ram,RAM-4089,ז. לנייח Corsair VENGEANCE 32GB 2x16 DDR5 6400MHz C36 XMP3.0,images/products/RAM-4089.webp,מוכן
ram,RAM-4090,זכרון לנייח Corsair Vengeance 32GB 2X16 DDR5 7000Mhz CL34,images/products/RAM-4090.webp,מוכן
ram,RAM-4091,זכרון לנייח Corsair Vengeance DDR5 64GB 2X32 5200Mhz c40 for AMD,images/products/RAM-4091.webp,מוכן
ram,RAM-4092,ז. לנייח CORSAIR Vengeance DDR5 64GB 2x32GB 6000MHz CL38 Intel XM,images/products/RAM-4092.webp,מוכן
ram,RAM-4093,זכרון לנייח Corsair Vengeance 64GB 2X32 DDR5 C40 AMD EXPO,images/products/RAM-4093.webp,מוכן
ram,RAM-4094,זכרון לנייח Corsair Vengeance 64GB DDR5 6400MHZ 2X32 C42 KIT,images/products/RAM-4094.jpg,מוכן
ram,RAM-4095,ז. לנייח Corsair Dominator Titanium RGB 32GB 2X16 DDR5 6000 C30,images/products/RAM-4095.webp,מוכן
ram,RAM-4098,זכרון לנייח Corsair Vengeance DDR5 32GB 5200MHZ 2X16 C40 KIT,images/products/RAM-4098.webp,מוכן
ram,RAM-4099,זכרון לנייח CORSAIR DDR5 VENGEANCE 64GB 2X32 5200MHZ C40 Black,images/products/RAM-4099.webp,מוכן
ram,RAM-4100,זכרון לנייח Samsung 16GB DDR5 6400MHZ C52,images/products/RAM-4100.jpg,מוכן
ram,RAM-4101,זכרון לנייח PATRIOT Signature line 24GB DDR5 5600MHZ C46,images/products/RAM-4101.webp,מוכן
ram,RAM-4102,ז. לנייח CORSAIR VENGEANCE 32GB 2x16GB DDR5 6000MHz C36,images/products/RAM-4102.webp,מוכן
ram,RAM-4103,זכרון לנייח Crucial Basic DDR4 16GB 3200Mhz C22,images/products/RAM-4103.webp,מוכן
ram,RAM-4104,זכרון לנייח Crucial Pro 16GB DDR4 3200Mhz C22 UDIMM,images/products/RAM-4104.webp,מוכן
ram,RAM-4105,זכרון לנייח CRUCIAL DDR4 32GB 3200MHZ CL22 1.2V,images/products/RAM-4105.jpg,מוכן
ram,RAM-4106,זכרון לנייח Crucial Pro 32GB DDR4 3200Mhz C22 intel XMP 2.0,images/products/RAM-4106.webp,מוכן
ram,RAM-4107,זכרון לנייח Kit 2X16GB 3200Mhz C22 Crucial Pro DDR4 32GB,images/products/RAM-4107.webp,מוכן
ram,RAM-4108,זכרון לנייח Crucial Pro 64GB Kit 2X32GB DDR4 3200Mhz C22 UDIMM,images/products/RAM-4108.webp,מוכן
ram,RAM-4109,זכרון לנייח Crucial Basic Memory 8GB DDR4 3200Mhz C22,images/products/RAM-4109.webp,מוכן
ram,RAM-4110,זכרון לנייח Kingston Fury Beast DDR4 16GB 3200Mhz C16,images/products/RAM-4110.jpg,מוכן
ram,RAM-4111,זכרון לנייח Kingston Black Fury 32GB 3200Mhz cl16 DDR4,images/products/RAM-4111.jpg,מוכן
ram,RAM-4112,זכרון לנייח Kingston Fury Beast KF432C16BB/8 8GB DDR4 3200Mhz,images/products/RAM-4112.jpg,מוכן
ram,RAM-4113,זכרון לנייח Kingston ValueRam 32GB DDR4 3200MHZ C22,images/products/RAM-4113.jpg,מוכן
ram,RAM-4114,זכרון לנייח Kingston 16GB DDR4 3200MHZ CL 22 Value Ram,images/products/RAM-4114.jpg,מוכן
ram,RAM-4115,זיכרון לנייח Kingston ValueRam 8GB DDR4 3200Mhz CL22 1.2V,images/products/RAM-4115.jpg,מוכן
ram,RAM-4116,זכרון לנייח Netac Basic DDR4 16GB 3200Mhz C16 UDIMM,images/products/RAM-4116.jpg,מוכן
ram,RAM-4117,זכרון לנייח Corsair Vengeance Pro 16GB DDR4 RGB 3200Mhz C16,images/products/RAM-4117.webp,מוכן
ram,RAM-4118,זכרון לנייח CORSAIR VENGEANCE RGB RS 16GB DDR4 3200MHZ CL 16,images/products/RAM-4118.jpg,מוכן
ram,RAM-4119,ז. לנייח Corsair Vengeance RGB PRO SL 16GB 2X8GB DDR4 3200MHZ C16,images/products/RAM-4119.webp,מוכן
ram,RAM-4120,זכרון לנייח Corsair Vengance LPX 16GB DDR4 3200MHZ UDIMM C16,images/products/RAM-4120.webp,מוכן
ram,RAM-4121,זיכרון לנייח CORSAIR VENEGANCE 2X8 16GB DDR4 3200,images/products/RAM-4121.webp,מוכן
ram,RAM-4122,זכרון לנייח קיט Corsair CMK16GX4M2D3600C1 2X8 3600mhz DDR4,images/products/RAM-4122.webp,מוכן
ram,RAM-4123,זכרון לנייח CORSAIR VENGEANCE RGB PRO 16GB 2x8GB DDR4 DRAM,images/products/RAM-4123.webp,מוכן
ram,RAM-4124,זיכרון לנייח CORSAIR VENGEANCE RGB PRO 16GB 2x8GB DDR4 DRAM WHITE,images/products/RAM-4124.webp,מוכן
ram,RAM-4125,זכרון לנייח Corsair Vengeance RGB PRO SL 32GB 16X2 3200MHZ c16,images/products/RAM-4125.webp,מוכן
ram,RAM-4126,זכרון קיט לנייח CORSAIR 32GB 4X8 DDR4 3200MHz CL16 RGB PRO Black,images/products/RAM-4126.jpg,מוכן
ram,RAM-4127,זיכרון לנייח CORSAIR VENGANCE 2X16 32GB DDR4 3200 CL16 White,images/products/RAM-4127.jpg,מוכן
ram,RAM-4128,זכרון קיט לנייח CORSAIR Vengeance LPX 2X16 32GB DDR4 3200 CL16,images/products/RAM-4128.webp,מוכן
ram,RAM-4129,זכרון לנייח קיט Vengeance LPX 32GB 16X2 DDR4 3600MHZ Corsair,images/products/RAM-4129.webp,מוכן
ram,RAM-4130,ז.לנייח Corsair Vengeance RGB PRO 32GB 2X16 3200MHZ DDR4 c16,images/products/RAM-4130.webp,מוכן
ram,RAM-4131,זכרון לנייח CORSAIR VENGEANCE RGB PRO 32GB 2x16GB DDR4 DRAM WHITE,images/products/RAM-4131.webp,מוכן
ram,RAM-4132,ז. לנייח Corsair 32GB 2X16 DDR4 3600MHZ CL18 Vengeance RGB,images/products/RAM-4132.webp,מוכן
ram,RAM-4133,זכרון לנייח AFOX DDR4 16GB 3200MHZ C22,images/products/RAM-4133.webp,מוכן
ram,RAM-4134,זכרון לנייח AFOX DDR4 16GB 3200MHZ Heatsink C16,images/products/RAM-4134.webp,מוכן
ram,RAM-4135,זכרון לנייח AFOX DDR4 8GB 3200Mhz C22,images/products/RAM-4135.webp,מוכן
ram,RAM-4136,זכרון לנייד Crucial 16GB DDR5-5600 C46 SODIMM,images/products/RAM-4136.webp,מוכן
ram,RAM-4137,זכרון לנייד Kingston DDR5 32GB 5600MHZ SODIMM c46,images/products/RAM-4137.webp,מוכן
ram,RAM-4138,זכרון לנייד Kingston ValueRAM 16GB 5600mhz DDR5 C46 SODIMM,images/products/RAM-4138.jpg,מוכן
ram,RAM-4139,זכרון לנייד Kingston Fury Impact 32GB 2X16GB 6000mhz DDR5 C38 SOD,images/products/RAM-4139.webp,מוכן
ram,RAM-4140,זכרון לנייד Kingston 16GB DDR4 3200Mhz c22 SODIMM,images/products/RAM-4140.jpg,מוכן
ram,RAM-4141,זכרון לנייד Kingston 8GB DDR4 3200Mhz C22 SODIMM,images/products/RAM-4141.jpg,מוכן
ram,RAM-4142,זכרון לנייד Kingston ValueRam 32GB DDR4 3200MHZ C22,images/products/RAM-4142.jpg,מוכן
ram,RAM-4143,זכרון לנייד Crucial Classic DDR4 16GB 3200Mhz SODIMM C22,images/products/RAM-4143.webp,מוכן
ram,RAM-4144,זכרון לנייד LEXAR DDR4 16GB 3200Mhz CL22 SODIMM,images/products/RAM-4144.jpg,מוכן
ram,RAM-4145,זכרון לנייד LEXAR DDR4 8GB 3200Mhz CL22 SODIM,images/products/RAM-4145.jpg,מוכן
ram,RAM-4146,זכרון לנייד Crucial 16GB DDR4 3200Mhz C22 SODIMM,images/products/RAM-4146.webp,מוכן
gpu,GPU-2000,כרטיס מסך Gigabyte GT 1030 2GB DDR4 DVI HDMI Low Profile,images/products/GPU-2000.webp,מוכן
gpu,GPU-2001,כרטיס מסך Gigabyte GeForce RTX 3050 6GB Low Profile,images/products/GPU-2001.webp,מוכן
gpu,GPU-2002,כרטיס מסך Gigabyte RTX 3050 Windforce 2 OC V2 6GB,images/products/GPU-2002.webp,מוכן
gpu,GPU-2003,כרטיס מסך OC 12GB Rev 2.0 Gigabyte RTX 3060 Windforce 2,images/products/GPU-2003.webp,מוכן
gpu,GPU-2004,כרטיס מסך Gigabyte GeForce RTX 5050 WindForce OC 8GB 2xDP 2xHDMI,images/products/GPU-2004.webp,מוכן
gpu,GPU-2005,כרטיס מסך Gigabyte GeForce RTX 5050 8GB OC Low profile,images/products/GPU-2005.webp,מוכן
gpu,GPU-2006,כרטיס מסך Gigabyte GeForce RTX 5050 Gaming OC 8GB 2xDP 2xHDMI,images/products/GPU-2006.webp,מוכן
gpu,GPU-2007,כרטיס מסך Gigabyte GeForce RTX 5060 WindForce 2 OC 8GB,images/products/GPU-2007.webp,מוכן
gpu,GPU-2008,כ. מסך Gigabyte 5060 Windforce2 MAX OC 8GB PCIE-5.0 3XDP 1XHDMI,images/products/GPU-2008.webp,מוכן
gpu,GPU-2009,כרטיס מסך Gigabyte RTX 5060 WINDFORCE MAX OC V2 8GB,images/products/GPU-2009.webp,מוכן
gpu,GPU-2010,כרטיס מסך Gigabyte GeForce RTX 5060 EAGLE ICE 8GB,images/products/GPU-2010.webp,מוכן
gpu,GPU-2011,כרטיס מסך Gigabyte GeForce RTX 5060 EAGLE OC 8GB,images/products/GPU-2011.webp,מוכן
gpu,GPU-2012,כרטיס מסך Gigabyte GeForce RTX 5060 Gaming OC 8GB,images/products/GPU-2012.webp,מוכן
gpu,GPU-2013,כרטיס מסך Gigabyte GeForce RTX 5060 AERO OC 8GB,images/products/GPU-2013.webp,מוכן
gpu,GPU-2014,כרטיס מסך Gigabyte GeForce RTX 5060 OC Low Profile 8GB,images/products/GPU-2014.webp,מוכן
gpu,GPU-2015,כרטיס מסך Gigabyte RTX 5060 Eagle Max OC 8GB,images/products/GPU-2015.webp,מוכן
gpu,GPU-2016,כרטיס מסך Gigabyte RTX 5060 Ti WindForce 2 OC 16GB,images/products/GPU-2016.webp,מוכן
gpu,GPU-2017,כרטיס מסך Gigabyte RTX 5060 Ti Eagle OC 16GB,images/products/GPU-2017.webp,מוכן
gpu,GPU-2018,כרטיס מסך Gigabyte GeForce RTX 5060 Ti WINDFORCE MAX OC 16G,images/products/GPU-2018.webp,מוכן
gpu,GPU-2019,כרטיס מסך Gigabyte RTX 5060 Ti Eagle OC ICE 16GB White,images/products/GPU-2019.webp,מוכן
gpu,GPU-2020,כרטיס מסך Gigabyte RTX 5060 Ti AERO OC 16GB white,images/products/GPU-2020.webp,מוכן
gpu,GPU-2021,כרטיס מסך Gigabyte RTX 5060 Ti Gaming OC 16GB,images/products/GPU-2021.webp,מוכן
gpu,GPU-2022,כרטיס מסך Gigabyte RTX 5060 Ti WindForce 2 OC 8GB,images/products/GPU-2022.webp,מוכן
gpu,GPU-2023,כרטיס מסך Gigabyte RTX 5060 Ti WindForce 2 8GB,images/products/GPU-2023.webp,מוכן
gpu,GPU-2024,כרטיס מסך GIGABYTE GEFORCE 5060 TI EAGLE OC 8GB,images/products/GPU-2024.webp,מוכן
gpu,GPU-2025,כרטיס מסך Gigabyte RTX 5060 Ti Gaming OC 8GB,images/products/GPU-2025.webp,מוכן
gpu,GPU-2026,כרטיס מסך Gigabyte GeForce RTX 5060 Ti EAGLE ICE OC 8GB white,images/products/GPU-2026.webp,מוכן
gpu,GPU-2027,כרטיס מסך Gigabyte GeForce RTX 5060 Ti AERO OC 8GB White,images/products/GPU-2027.webp,מוכן
gpu,GPU-2028,כרטיס מסך GIGABYTE GeForce RTX 5070 WINDFORCE OC SFF 12GB,images/products/GPU-2028.webp,מוכן
gpu,GPU-2029,כ.מסך GIGABYTE GeForce RTX 5070 EAGLE OC SFF 12G,images/products/GPU-2029.webp,מוכן
gpu,GPU-2030,כ.מסך GIGABYTE GeForce RTX 5070 GAMING OC 12G,images/products/GPU-2030.webp,מוכן
gpu,GPU-2031,כ.מסך GIGABYTE GeForce RTX 5070 AERO OC 12G,images/products/GPU-2031.webp,מוכן
gpu,GPU-2032,כ.מסך GIGABYTE AORUS GeForce RTX 5070 MASTER 12G,images/products/GPU-2032.webp,מוכן
gpu,GPU-2033,כ.מסך GIGABYTE GeForce RTX 5070 EAGLE OC ICE SFF 12G,images/products/GPU-2033.webp,מוכן
gpu,GPU-2034,כרטיס AORUS RTX 5070 INFINITY 12GB GDDR7 WINDFORCE HYPERBURST,images/products/GPU-2034.webp,מוכן
gpu,GPU-2035,כרטיס מסך Gigabyte RTX 5070 Ti Windforce 3 SFF 16GD DP HDMI,images/products/GPU-2035.webp,מוכן
gpu,GPU-2036,כרטיס מסך GIGABYTE GeForce RTX 5070 Ti WINDFORCE OC V2 16G,images/products/GPU-2036.webp,מוכן
gpu,GPU-2037,כרטיס מסך GIGABYTE GeForce RTX 5070 Ti EAGLE OC SFF 16G,images/products/GPU-2037.webp,מוכן
gpu,GPU-2038,כרטיס מסך GIGABYTE GeForce RTX 5070 Ti EAGLE OC ICE SFF 16G,images/products/GPU-2038.webp,מוכן
gpu,GPU-2039,כרטיס מסך GIGABYTE GeForce RTX 5070 Ti GAMING OC 16G,images/products/GPU-2039.webp,מוכן
gpu,GPU-2040,כרטיס מסך GIGABYTE GeForce RTX 5070 Ti AERO OC 16G,images/products/GPU-2040.webp,מוכן
gpu,GPU-2041,כרטיס מסך GIGABYTE AORUS GeForce RTX 5070 Ti MASTER 16G,images/products/GPU-2041.webp,מוכן
gpu,GPU-2042,כרטיס AORUS GeForce RTX 5070 Ti INFINITY 16G WINDFORCE HYPERBURST,images/products/GPU-2042.webp,מוכן
gpu,GPU-2043,כ.מסך GIGABYTE GeForce RTX 5080 WINDFORCE OC SFF 16G,images/products/GPU-2043.webp,מוכן
gpu,GPU-2044,כרטיס מסך GeForce RTX 5080 AERO OC SFF 16G White,images/products/GPU-2044.webp,מוכן
gpu,GPU-2045,כרטיס מסך Gigabyte GeForce RTX 5080 GAMING OC 16G,images/products/GPU-2045.webp,מוכן
gpu,GPU-2046,כרטיס מסך AORUS GeForce RTX 5080 MASTER 16G,images/products/GPU-2046.webp,מוכן
gpu,GPU-2047,כרטיס מסך AORUS GeForce RTX 5080 MASTER ICE 16G White,images/products/GPU-2047.webp,מוכן
gpu,GPU-2048,כ.מסך AORUS GeForce RTX 5080 XTREME WATERFORCE 16G 360MM RADIATOR,images/products/GPU-2048.webp,מוכן
gpu,GPU-2049,כרטיס מסך AORUS RTX 5080 INFINITY 16GB GDDR7 WINDFORCE HYPERBURST,images/products/GPU-2049.webp,מוכן
gpu,GPU-2050,כרטיס מסך Gigabyte GeForce RTX 5090 WINDFORCE OC 32G,images/products/GPU-2050.webp,מוכן
gpu,GPU-2051,כרטיס מסך Gigabyte GeForce RTX 5090 GAMING OC 32G,images/products/GPU-2051.webp,מוכן
gpu,GPU-2052,כרטיס מסך AORUS GeForce RTX 5090 MASTER ICE 32G,images/products/GPU-2052.webp,מוכן
gpu,GPU-2053,כרטיס מסך AORUS GeForce RTX 5090 MASTER 32G PCIE5,images/products/GPU-2053.webp,מוכן
gpu,GPU-2054,כרטיס מסך AORUS GeForce RTX 5090 XTREME WATERFORCE 32G,images/products/GPU-2054.webp,מוכן
gpu,GPU-2055,כרטיס מסך AORUS GeForce RTX 5090 XTREME WATERFORCE WB 32G,images/products/GPU-2055.webp,מוכן
gpu,GPU-2056,כרטיס מסך Nvidia RTX PRO 2000 Blackwell 16GB GDDR7 Bulk,images/products/GPU-2056.webp,מוכן
gpu,GPU-2057,כ. מסך NVIDIA RTX PRO 4000 Blackwell GPU 24GB 8960 Cuda Cores,images/products/GPU-2057.webp,מוכן
gpu,GPU-2058,כרטיס מסך NVIDIA Quadro A1000 8GB Ray Tracing 4 X mini-DP,images/products/GPU-2058.jpg,מוכן
gpu,GPU-2059,כרטיס מסך PNY NVIDIA Quadro A1000 8GB Ray Tracing 4X mini-DP Bulk,images/products/GPU-2059.jpg,מוכן
gpu,GPU-2060,כרטיס מסך NVIDIA Quadro A400 4GB Ray Tracing 4 X mini-DP,images/products/GPU-2060.jpg,מוכן
gpu,GPU-2061,כרטיס מסך NVIDIA RTX A400 4GB Bulk Ray Tracing 4 X mini-DP,images/products/GPU-2061.jpg,מוכן
gpu,GPU-2062,כרטיס מסך Pny Nvidia RTX PRO 2000 Blackwell 16GB GDDR7 Bulk,images/products/GPU-2062.webp,מוכן
gpu,GPU-2063,כ. מסך PNY NVIDIA RTX PRO 4000 Blackwell GPU 24GB 8960 Cuda Cores,images/products/GPU-2063.webp,מוכן
gpu,GPU-2064,כרטיס מסך NVIDIA RTX PRO 5000 Blackwell 48GB Gddr7 ECC 4XDP,images/products/GPU-2064.webp,מוכן
gpu,GPU-2065,כרטיס מסך Gigabyte Radeon Pro W7800 AI TOP 48GB,images/products/GPU-2065.webp,מוכן
gpu,GPU-2066,כרטיס מסך Gigabyte Radeon Pro W7900 AI TOP 48GB,images/products/GPU-2066.webp,מוכן
gpu,GPU-2067,כרטיס מסך Gigabyte RADEON RX 7600 Gaming OC 8GB,images/products/GPU-2067.webp,מוכן
gpu,GPU-2068,כרטיס מסך Gigabyte Radeon RX 9060 XT GAMING OC 16GB,images/products/GPU-2068.webp,מוכן
gpu,GPU-2069,כרטיס מסך Gigabyte Radeon RX 9060 XT GAMING ICE OC 16GB,images/products/GPU-2069.webp,מוכן
gpu,GPU-2070,כרטיס מסך Gigabyte Radeon RX 9060 XT GAMING OC 8GB,images/products/GPU-2070.webp,מוכן
gpu,GPU-2071,כרטיס מסך Gigabyte RADEON RX9070 GAMING OC 16GB PCIE 5.0,images/products/GPU-2071.webp,מוכן
gpu,GPU-2072,כרטיס מסך Gigabyte RX9070 XT Gaming OC 16GB PCI-E 5.0,images/products/GPU-2072.webp,מוכן
gpu,GPU-2073,כרטיס מסך GIGABYTE AORUS Radeon RX9070 XT ELITE 16G,images/products/GPU-2073.webp,מוכן
gpu,GPU-2074,כרטיס מסך Gigabyte RX 9070 GRE GAMING OC 12GB GDDR6,images/products/GPU-2074.webp,מוכן
gpu,GPU-2075,כרטיס מסך Gigabyte RX 7600 XT 16GB 128Bit OC,images/products/GPU-2075.webp,מוכן
gpu,GPU-2076,כרטיס מסך Gigabyte Radeon RX 7700 XT GAMING OC 12G,images/products/GPU-2076.webp,מוכן
gpu,GPU-2077,כרטיס מסך Gigabyte Radeon RX 7700 XT GAMING OC 12G BULK,images/products/GPU-2077.webp,מוכן
gpu,GPU-2078,כרטיס מסך Gigabyte Radeon Pro W7800 AI TOP 32GB,images/products/GPU-2078.webp,מוכן
cooling,COL-8000,קירור אוויר למעבד Cooler Master Hyper 212 Spectrum V3 RGB,images/products/COL-8000.webp,מוכן
cooling,COL-8002,קירור אוויר למעבד AMD & Cooler Master Hyper H410R RGB Intel,images/products/COL-8002.jpg,מוכן
cooling,COL-8003,קירור למעבד CoolerMaster Hyper 612 Apex 260W TDP Air Cooler,images/products/COL-8003.jpg,מוכן
cooling,COL-8004,קירור למעבד CoolerMaster V4 ALPHA 3DHP Black 240W TDP Air Cooler,images/products/COL-8004.webp,מוכן
cooling,COL-8005,מאורר למעבד Antec A30 Pro blue led Cpu Cooler TDP UP TO 95W,images/products/COL-8005.jpg,מוכן
cooling,COL-8006,מאורר למעבד Antec A35 FRGB 95W TDP 128mm Height For Intel/AMD,images/products/COL-8006.jpg,מוכן
cooling,COL-8007,מאורר למעבד Antec A400I RGB Intel/AMD TDP 150W,images/products/COL-8007.jpg,מוכן
cooling,COL-8008,קירור אוויר Antec A450 FRGB 180W TDP 148MM PWM CPU COOLER,images/products/COL-8008.jpg,מוכן
cooling,COL-8009,מאורר למעבד Antec T120 Chromatic Silent RGB Fan 65W TDP 82mm,images/products/COL-8009.jpg,מוכן
cooling,COL-8010,מאוורר אינטל מקורי Intel Laminar RM2 TDP 65W,images/products/COL-8010.jpg,מוכן
cooling,COL-8011,מאוורר אינטל מקורי Intel Laminar RM1 Cooler LGA1700 TDP 65W,images/products/COL-8011.webp,מוכן
cooling,COL-8012,קירור אוויר Corsair A115 Twin Tower Up To 270W TDP Black,images/products/COL-8012.jpg,מוכן
cooling,COL-8013,קירור אוויר למעבד DeepCool AG400 V2 Black ARGB 220W TDP 150mm,images/products/COL-8013.webp,מוכן
cooling,COL-8014,קירור אוויר למעבד DeepCool AG400 White 220W TDP 150mm RGB,images/products/COL-8014.webp,מוכן
cooling,COL-8015,מאורר למעבד DEEP COOL AK500 DIGITAL SE ARGB 240W TDP,images/products/COL-8015.webp,מוכן
cooling,COL-8016,מאורר למעבד DEEP COOL AK500 DIGITAL SE WHITE ARGB 240W TDP,images/products/COL-8016.webp,מוכן
cooling,COL-8017,קירור למעבד Deep COOL AK620 DIGITAL SE 260W TDP 161mm RGB,images/products/COL-8017.webp,מוכן
cooling,COL-8018,קירור למעבד Deep COOL AK620 DIGITAL 260W TDP 162mm RGB WHITE,images/products/COL-8018.webp,מוכן
cooling,COL-8019,קירור לבן למעבד Deep COOL AK620 DIGITAL SE WH 260W TDP 161mm RGB,images/products/COL-8019.webp,מוכן
cooling,COL-8020,מאורר למעבד DEEP COOL AK700 DIGITAL NYX Black 280W TDP 157mm,images/products/COL-8020.webp,מוכן
cooling,COL-8021,ק.נוזלי Cooler Master 360 Core II Black 280W TDP Intel/Amd,images/products/COL-8021.jpg,מוכן
cooling,COL-8022,ק.נוזלי Cooler Master 360 Core II White 280W TDP Intel/Amd,images/products/COL-8022.jpg,מוכן
cooling,COL-8023,קירור נוזלי Cooler Master MasterLiquid Core Nex DIGITAL 360 Black,images/products/COL-8023.webp,מוכן
cooling,COL-8024,קירור נוזלי Cooler Master MasterLiquid Core Nex 360 DIGITAL White,images/products/COL-8024.webp,מוכן
cooling,COL-8025,קירור נוזלי משולש Cooler Master MasterLiquid Core LCD 360 4-inch,images/products/COL-8025.webp,מוכן
cooling,COL-8026,קירור נוזלי משולש שחור Cooler Master Elite Liquid 360 ARGB,images/products/COL-8026.webp,מוכן
cooling,COL-8027,קירור נוזלי משולש Antec LUNA 360 Black ARGB,images/products/COL-8027.jpg,מוכן
cooling,COL-8028,קירור נוזלי משולש Antec LUNA 360 White ARGB,images/products/COL-8028.jpg,מוכן
cooling,COL-8029,קירור נוזלי משולש Antec SKELETON 360 ARGB Black INTEL/AMD,images/products/COL-8029.jpg,מוכן
cooling,COL-8030,קירור נוזלי משולש Antec SKELETON 360 ARGB White INTEL/AMD,images/products/COL-8030.jpg,מוכן
cooling,COL-8031,קירור נוזלי משולש לבן ANTEC VORTEX LUM 360 WHITE ARGB 280W TDP,images/products/COL-8031.jpg,מוכן
cooling,COL-8032,קירור נוזלי Corsair iCUE NAUTILUS 240 RS RGB Black 240mm AIO,images/products/COL-8032.jpg,מוכן
cooling,COL-8033,קירור נוזלי לבן Corsair iCUE NAUTILUS 240 RS RGB White 240mm AIO,images/products/COL-8033.jpg,מוכן
cooling,COL-8034,קירור נוזלי Corsair iCUE NAUTILUS 360 RS RGB Black 360mm AIO,images/products/COL-8034.jpg,מוכן
cooling,COL-8035,קירור נוזלי לבן Corsair iCUE NAUTILUS 360 RS White 360mm AIO,images/products/COL-8035.jpg,מוכן
cooling,COL-8036,קירור נוזלי Corsair iCUE TITAN 360 RX RGB Black 360mm AIO,images/products/COL-8036.jpg,מוכן
cooling,COL-8037,קירור נוזלי לבן Corsair iCUE TITAN 360 RX RGB White 360mm AIO,images/products/COL-8037.jpg,מוכן
cooling,COL-8038,קירור נוזלי Corsair iCUE TITAN 360 RX LCD Black 360mm AIO,images/products/COL-8038.jpg,מוכן
cooling,COL-8039,קירור נוזלי לבן Corsair iCUE TITAN 360 RX LCD White 360mm AIO,images/products/COL-8039.jpg,מוכן
cooling,COL-8040,קירור נוזלי משולש Gigabyte AORUS WATERFORCE II 360 AIO ARGB REV2,images/products/COL-8040.webp,מוכן
cooling,COL-8041,קירור לבן Gigabyte AORUS WATERFORCE II 360 ICE AIO ARGB REV2,images/products/COL-8041.webp,מוכן
cooling,COL-8042,קירור נוזלי כפול Gigabyte Gaming 240 ICE 2XARGB 120MM Fan White,images/products/COL-8042.webp,מוכן
cooling,COL-8043,קירור נוזלי משולש Gigabyte Gaming 360 3XARGB 120MM Fan Black,images/products/COL-8043.webp,מוכן
cooling,COL-8044,קירור נוזלי משולש Gigabyte Gaming 360 ICE 3XARGB 120MM Fan White,images/products/COL-8044.webp,מוכן
cooling,COL-8045,קירור נוזלי למעבד GIGABYTE EAGLE 360 ARGB,images/products/COL-8045.webp,מוכן
cooling,COL-8046,קירור נוזלי למעבד GIGABYTE EAGLE 360 ICE ARGB,images/products/COL-8046.webp,מוכן
storage,STG-5000,דיסק פנימי AORUS Gen5 14000 SSD1TB PCI-E 5.0X4 NVMe 2.0,images/products/STG-5000.webp,מוכן
storage,STG-5001,דיסק פנימי Aorus Gen5 14000 SSD 2TB PCI-E 5.0X4 NVMe 2.0,images/products/STG-5001.webp,מוכן
storage,STG-5002,דיסק פנימי Aorus Gen5 14000 SSD 4TB PCI-E 5.0X4 NVMe 2.0,images/products/STG-5002.webp,מוכן
storage,STG-5004,דיסק פנימי Samsung 9100 PRO 1TB Gen5 M.2 NVME 2.0 14700/13300 RW,images/products/STG-5004.webp,מוכן
storage,STG-5005,דיסק פנימי Samsung 9100 PRO 2TB Gen5 M.2 NVME 2.0 14800/13400 RW,images/products/STG-5005.webp,מוכן
storage,STG-5006,דיסק פנימי Samsung 9100 PRO 4TB Gen5 M.2 NVME 2.0 14800/13400 RW,images/products/STG-5006.webp,מוכן
storage,STG-5007,דיסק פנימי Samsung 9100 PRO W/Heatsink 1TB Gen5 M.2 NVME 2.0,images/products/STG-5007.webp,מוכן
storage,STG-5008,דיסק פנימי Samsung 9100 PRO W Heatsink 2TB Gen5 M.2 NVME 2.0,images/products/STG-5008.webp,מוכן
storage,STG-5009,דיסק פנימי Samsung 9100 PRO W Heatsink 4TB Gen5 M.2 NVME 2.0,images/products/STG-5009.webp,מוכן
storage,STG-5010,דיסק פנימי Kingston FURY Renegade G5 2TB PCIe 5.0 NVMe M.2 SSD,images/products/STG-5010.webp,מוכן
storage,STG-5011,דיסק פנימי Kingston FURY Renegade G5 4TB PCIe 5.0 NVMe M.2 SSD,images/products/STG-5011.webp,מוכן
storage,STG-5012,דיסק פנימי Gigabyte 4000E 1TB Gen4 SSD NVME 2280,images/products/STG-5012.webp,מוכן
storage,STG-5013,דיסק פנימי Gigabyte 4000E 250GB Gen4 SSD NVME 2280,images/products/STG-5013.webp,מוכן
storage,STG-5014,דיסק פנימי Gigabyte 4000E 500GB Gen4 SSD NVME 2280,images/products/STG-5014.webp,מוכן
storage,STG-5015,דיסק פנימי AORUS Gen4 7000E 1TB SSD NVME 2280,images/products/STG-5015.webp,מוכן
storage,STG-5016,דיסק פנימי AORUS Gen4 7000E 2TB SSD NVME 2280,images/products/STG-5016.webp,מוכן
storage,STG-5017,דיסק פנימי Gigabyte AORUS Gen4 7300 SSD 1TB,images/products/STG-5017.webp,מוכן
storage,STG-5018,דיסק פנימי Gigabyte AORUS Gen4 7300 SSD 2TB,images/products/STG-5018.webp,מוכן
storage,STG-5021,דיסק פנימי Crucial SSD E100 480GB PCIe Gen4 2280 NVMe M.2,images/products/STG-5021.jpg,מוכן
storage,STG-5022,דיסק פנימי Crucial P310 1TB PCIe Gen4 NVMe 2280 M.2 SSD bulk,images/products/STG-5022.webp,מוכן
storage,STG-5023,דיסק פנימי Crucial P310 1TB PCIe Gen4 NVMe 2280 M.2 SSD Heatsink,images/products/STG-5023.webp,מוכן
storage,STG-5024,דיסק פנימי Crucial P310 4TB PCIe Gen4 NVMe 2280 M.2 SSD Heatsinc,images/products/STG-5024.webp,מוכן
storage,STG-5025,דיסק פנימי Crucial P310 500GB PCIe Gen4 NVMe 2280 M.2,images/products/STG-5025.webp,מוכן
storage,STG-5026,דיסק פנימי Kingston NV3 1TB NVME GEN 4.0 M.2 2280 6000/4000Mb/s,images/products/STG-5026.jpg,מוכן
storage,STG-5027,דיסק פנימי Kingston NV3 2TB NVME GEN 4.0 M.2 2280 6000/5000Mb/s,images/products/STG-5027.jpg,מוכן
storage,STG-5028,דיסק פנימי Kingston NV3 4TB NVME GEN 4.0 M.2 2280 6000/5000Mb/s,images/products/STG-5028.jpg,מוכן
storage,STG-5029,דיסק פנימי Kingston NV3 500GB NVME GEN 4.0 M.2 2280 5000/3000Mb/s,images/products/STG-5029.jpg,מוכן
storage,STG-5030,דיסק פנימי Samsung 990 PRO 1TB GEN4 up to 7450 read 6900 Write,images/products/STG-5030.jpg,מוכן
storage,STG-5031,דיסק פנימי Samsung 990 PRO 2TB GEN4 up to 7450 read 6900 Write,images/products/STG-5031.jpg,מוכן
storage,STG-5032,דיסק פנימי Samsung 990 PRO 4TB GEN4 up to 7450 read 6900 Write,images/products/STG-5032.webp,מוכן
storage,STG-5033,דיסק פנימי Samsung 990 EVO PLUS 1TB up to 7250 Read 6300 Write,images/products/STG-5033.jpg,מוכן
storage,STG-5034,דיסק פנימי Samsung 990 EVO PLUS 2TB up to 7250 read 6300 Write,images/products/STG-5034.webp,מוכן
storage,STG-5035,דיסק פנימי Samsung 990 EVO PLUS 4TB up to 7250 Read 6300 Write,images/products/STG-5035.webp,מוכן
storage,STG-5036,דיסק פנימי WD SN3000 2TB Gen 4X4 NVME Read-5000 Write-4200,images/products/STG-5036.jpg,מוכן
storage,STG-5037,דיסק פנימי WD BLUE SN5100 1TB Gen4.0 Up to 7100MB/S Read 2280,images/products/STG-5037.jpg,מוכן
storage,STG-5038,דיסק פנימי WD BLUE SN5100 512GB Gen4.0 Up to 6600MB/S Read 2280,images/products/STG-5038.webp,מוכן
storage,STG-5039,דיסק Western Digital 1TB Black SN7100 SSD NVME Gen4 7250/6900,images/products/STG-5039.webp,מוכן
storage,STG-5040,דיסק Western Digital 2TB Black SN7100 SSD NVME Gen4 7250/6900,images/products/STG-5040.webp,מוכן
storage,STG-5041,דיסק פנימי 2TB 7300MB/s Read PCIe 4.0X4 WD BLACK SN850X NVMe SSD,images/products/STG-5041.webp,מוכן
storage,STG-5042,דיסק פנימי WD Blue SN5000 NVMe SSD 2TB PCIe Gen4X4 2280,images/products/STG-5042.webp,מוכן
storage,STG-5043,דיסק פנימי GIGABYTE Gen3 2500E SSD NVME 1TB,images/products/STG-5043.webp,מוכן
storage,STG-5044,דיסק פנימי Gigabyte NVME SSD V2 256GB Gen3 2280,images/products/STG-5044.webp,מוכן
storage,STG-5045,דיסק פנימי LEXAR NM610PRO 500GB NVMe GEN3 2280 read up to 3000MB/,images/products/STG-5045.jpg,מוכן
storage,STG-5046,דיסק פנימי NVME gen3 NGFF 2280 Verbateem VI3000 512GB,images/products/STG-5046.jpg,מוכן
storage,STG-5047,דיסק פנימי GIGABYTE GP-GSTFS31480GNTD 480GB SATA III,images/products/STG-5047.webp,מוכן
storage,STG-5048,דיסק פנימי AFOX SD250 1TB SATAIII 2.5 3D NAND 560/520RW,images/products/STG-5048.webp,מוכן
storage,STG-5049,דיסק פנימי AFOX SD250 256GB SATAIII 2.5 3D NAND 550/450RW,images/products/STG-5049.webp,מוכן
storage,STG-5050,דיסק פנימי AFOX SD250 500GB SATAIII 2.5 3D NAND 500/450RW,images/products/STG-5050.webp,מוכן
storage,STG-5051,דיסק פנימי Crucial BX500 500GB 3D NAND SATA 2.5-inch SSD,images/products/STG-5051.webp,מוכן
storage,STG-5052,דיסק פנימי 2.5 Kingston A400 480GB SSD 3D NAND,images/products/STG-5052.jpg,מוכן
storage,STG-5053,דיסק פנימי 2.5 Kingston A400 960GB SSD 3D NAND,images/products/STG-5053.jpg,מוכן
storage,STG-5054,דיסק פנימי WD Red Plus NAS 10TB HDD 5400RPM 256MB Cache SATA III,images/products/STG-5054.webp,מוכן
storage,STG-5055,דיסק קשיח פנימי לנייח WD 10TB Purple 7200rpm 272MB 3.5 SATA III,images/products/STG-5055.jpg,מוכן
storage,STG-5056,דיסק קשיח פנימי לנייח WD 1TB Blue 7200rpm 64MB 3.5,images/products/STG-5056.jpg,מוכן
storage,STG-5057,דיסק קשיח פנימי לנייח WD 1TB Purple 5400rpm 64MB 3.5,images/products/STG-5057.jpg,מוכן
storage,STG-5058,דיסק קשיח פנימי לנייח WD 1TB Purple 5400rpm 64MB 3.5,images/products/STG-5058.jpg,מוכן
storage,STG-5059,דיסק קשיח פנימי 3.5 Western Digital 12TB HDD Red Plus 512MB Cache,images/products/STG-5059.webp,מוכן
storage,STG-5060,דיסק קשיח פנימי לנייח 3.5 WD 12TB GOLD,images/products/STG-5060.jpg,מוכן
storage,STG-5061,דיסק לנייח Western DIGITAL 12TB PURPLE 256MB Cache 7200RPM sata3,images/products/STG-5061.jpg,מוכן
storage,STG-5062,דיסק לנייח Western Digital 12TB PURPLE 512MB Cache 7200RPM sata3,images/products/STG-5062.webp,מוכן
storage,STG-5063,דיסק פנימי Western Digital 14TB Purple Pro SATA III 7200RPM 3.5,images/products/STG-5063.jpg,מוכן
storage,STG-5064,דיסק Western Digital 14TB Gold Enterprise HDD 7200RPM 512MB Cache,images/products/STG-5064.jpg,מוכן
storage,STG-5065,דיסק קשיח פנימי לנייח WD GOLD 18TB 512MB 7200rpm 3.5 SATA3 6GB/PS,images/products/STG-5065.jpg,מוכן
storage,STG-5066,דיסק פנימי WD Red Plus NAS 2TB HDD 5400RPM 256MB Cache SATA III,images/products/STG-5066.jpg,מוכן
storage,STG-5067,דיסק קשיח פנימי לנייח 3.5 Western Digital 2TB Blue 256MB 7200rpm,images/products/STG-5067.jpg,מוכן
storage,STG-5068,דיסק WD 22TB PURPLE Pro Surveilance 512MB Cache 7200 rpm SATA III,images/products/STG-5068.jpg,מוכן
storage,STG-5069,דיסק קשיח פנימי לנייח WD 2TB Purple 5400rpm 64MB 3.5 SATA III,images/products/STG-5069.jpg,מוכן
storage,STG-5070,דיסק פנימי WD 24TB Purple Pro 7200 rpm SATA III 3.5,images/products/STG-5070.jpg,מוכן
storage,STG-5071,דיסק קשיח פנימי לנייח WD 3TB Purple 5400rpm 128MB 3.5,images/products/STG-5071.webp,מוכן
storage,STG-5072,דיסק קשיח פנימי לנייח WD 4TB Gold Enterprise 256MB Cache 7200RPM,images/products/STG-5072.jpg,מוכן
storage,STG-5073,דיסק פנימי WD Red PRO NAS 4TB HDD 7200RPM 256MB Cache SATA III,images/products/STG-5073.jpg,מוכן
storage,STG-5074,דיסק פנימי WD Red Plus NAS 4TB HDD 5400RPM 256MB Cache SATA III,images/products/STG-5074.webp,מוכן
storage,STG-5075,דיסק קשיח Western Digital 4TB Red Plus 128MB Cache 5400RPM SATA3,images/products/STG-5075.webp,מוכן
storage,STG-5076,דיסק קשיח פנימי 3.5 Western Digital Blue 4TB SATA6 Gb/s 256MB,images/products/STG-5076.jpg,מוכן
storage,STG-5077,דיסק קשיח פנימי לנייח WD 4TB Purple 5400rpm 128MB 3.5,images/products/STG-5077.jpg,מוכן
storage,STG-5078,דיסק פנימי WD 6TB Gold Enterprise 7200RPM 256MB Cache Sata III,images/products/STG-5078.jpg,מוכן
storage,STG-5079,דיסק לנייח 3.5 Western Digital 6TB Purple 5400RPM 256MB Cache,images/products/STG-5079.jpg,מוכן
storage,STG-5080,דיסק לנייח 3.5 Western Digital 8TB Purple PRO 7200RPM 256MB Cache,images/products/STG-5080.webp,מוכן
storage,STG-5081,דיסק קשיח 3.5 לנייח WD 8TB Gold Enterprise 256MB Cache 7200RPM,images/products/STG-5081.webp,מוכן
storage,STG-5082,דיסק פנימי WD Red Plus 8TB NAS HDD 3.5 5640RPM SATA III,images/products/STG-5082.webp,מוכן
storage,STG-5083,דיסק קשיח פנימי לנייח WD 8TB Purple 5400rpm 256MB 3.5 SATA III,images/products/STG-5083.webp,מוכן
storage,STG-5084,דיסק Seagate Skyhawk AI Surveilance 10TB 3.5 7200rpm 256MB Cache,images/products/STG-5084.webp,מוכן
storage,STG-5085,דיסק פנימי Seagate EXOS X24 12TB 7200RPM 512MB Cache 3.5 SATA III,images/products/STG-5085.webp,מוכן
storage,STG-5086,דיסק פנימי Seagate BarraCuda 16TB 3.5 7200RPM 512MB Cache,images/products/STG-5086.webp,מוכן
storage,STG-5087,דיסק פנימי Seagate EXOS X24 16TB 7200RPM 512MB Cache 3.5 SATA III,images/products/STG-5087.webp,מוכן
storage,STG-5088,דיסק פנימי Seagate Barracuda 20TB SATAIII 7200Rpm 3.5,images/products/STG-5088.webp,מוכן
storage,STG-5089,דיסק Seagate Exos X24 20TB Enterprise 3.5 7200RPM 256MB cache,images/products/STG-5089.jpg,מוכן
storage,STG-5090,דיסק פנימי Seagate Barracuda 2TB SATAIII 7200Rpm 3.5,images/products/STG-5090.webp,מוכן
storage,STG-5091,דיסק פנימי Seagate IronWolf 2TB NAS HDD 3.5 5400RPM 256MB Cache,images/products/STG-5091.webp,מוכן
storage,STG-5092,דיסק Seagate IronWolf 2TB NAS 3.5 7200RPM 256MV Cache SataIII,images/products/STG-5092.jpg,מוכן
storage,STG-5093,דיסק פנימי Seagate SKYHAWK 2TB 3.5 5400RPM 256MB Cache,images/products/STG-5093.webp,מוכן
storage,STG-5094,דיסק פנימי Seagate BARRACUDA 24B 3.5 7200RPM 512MB Cache,images/products/STG-5094.webp,מוכן
storage,STG-5095,דיסק פנימי Seagate Exos X24 24TB 3.5 7200RPM 256MB Cache,images/products/STG-5095.webp,מוכן
storage,STG-5096,דיסק פנימי Seagate Exos M 28TB Enterprise 7200RPM SATAIII 3.5,images/products/STG-5096.webp,מוכן
storage,STG-5097,דיסק פנימי Seagate Exos M 30TB Enterprise 7200RPM SATAIII 3.5,images/products/STG-5097.webp,מוכן
storage,STG-5098,דיסק פנימי Seagate Exos M Enterprise 32TB 7200rpm 512MB Sata III,images/products/STG-5098.jpg,מוכן
storage,STG-5099,דיסק פנימי Seagate BarraCuda 4B 3.5 5400RPM 256MB Cache,images/products/STG-5099.webp,מוכן
storage,STG-5100,דיסק Seagate Exos 7E10 Enterprise 4TB 3.5 7200RPM 256MB Cache,images/products/STG-5100.webp,מוכן
storage,STG-5101,דיסק פנימי Seagate IronWolf 4TB NAS HDD 3.5 5400RPM 256MB Cache,images/products/STG-5101.webp,מוכן
storage,STG-5102,דיסק פנימי Seagate SKYHAWK 4TB 3.5 5400RPM 256MB Cache,images/products/STG-5102.webp,מוכן
storage,STG-5103,דיסק פנימי Seagate EXOS 7E10 6TB Enterprise 7200Rpm SATAIII,images/products/STG-5103.webp,מוכן
storage,STG-5104,דיסק פנימי Seagate SKYHAWK 6TB 3.5 5400RPM 256MB Cache,images/products/STG-5104.webp,מוכן
storage,STG-5105,דיסק פנימי Seagate BarraCuda 8TB 3.5 5400RPM 256MB Cache,images/products/STG-5105.webp,מוכן
storage,STG-5106,דיסק פנימי Seagate Exos 7E10 8TB 3.5 7200RPM 256MB Cache,images/products/STG-5106.webp,מוכן
storage,STG-5107,דיסק Seagate IronWolf 8TB NAS 3.5 7200RPM 256MV Cache SataIII,images/products/STG-5107.jpg,מוכן
storage,STG-5108,דיסק פנימי Seagate SKYHAWK 8TB 3.5 5400RPM 256MB Cache,images/products/STG-5108.webp,מוכן
storage,STG-5109,דיסק קשיח פנימי Seagate Barracuda 2TB 3.5 7200 RPM 256MB cache,images/products/STG-5109.jpg,מוכן
storage,STG-5110,דיסק פנימי WD Red Plus 6TB NAS HDD 3.5 5400RPM SATA III,images/products/STG-5110.webp,מוכן
storage,STG-5111,דיסק קשיח חיצוני בחיבור 3.0 Western Digital 4TB Elements 2.5inch,images/products/STG-5111.jpg,מוכן
storage,STG-5112,דיסק קשיח חיצוני בחיבור 3.0 Western Digital 5TB Elements 2.5inch,images/products/STG-5112.jpg,מוכן
storage,STG-5113,דיסק קשיח חיצוני בחיבור 3.0 Western Digital 6TB Elements 2.5inch,images/products/STG-5113.jpg,מוכן
storage,STG-5114,דיסק און קי SanDisk 64GB CRUZER GLIDE usb 3.0,images/products/STG-5114.webp,מוכן
storage,STG-5115,דיסק און קי SanDisk 128GB CRUZER GLIDE usb 3.0,images/products/STG-5115.webp,מוכן
storage,STG-5116,כרטיס זכרון SanDisk 128GB Ultra microSDXC UHS-I Up to 140MB/s C10,images/products/STG-5116.jpg,מוכן
storage,STG-5117,כרטיס זכרון SanDisk 256GB Ultra microSDXC UHS-I Up to 150MB/s C10,images/products/STG-5117.jpg,מוכן
storage,STG-5118,כרטיס זכרון SanDisk 512GB Ultra microSDXC UHS-I Up to 150MB/s C10,images/products/STG-5118.jpg,מוכן
storage,STG-5119,כרטיס זכרון SanDisk 64GB Ultra microSDXC UHS-I Up to 140MB/s C10,images/products/STG-5119.jpg,מוכן
psu,PSU-6000,ספק כח ANTEC ATOM V550 550Watt,images/products/PSU-6000.webp,מוכן
psu,PSU-6001,ספק כוח Antec Atom B750 80 Plus Bronze 12Cm Silent fan Active PFC,images/products/PSU-6001.webp,מוכן
psu,PSU-6002,ספק כוח ANTEC ATOM G650 120MM Silent Fan Semi-Modular 80Plus Gold,images/products/PSU-6002.jpg,מוכן
psu,PSU-6003,ספק כוח ANTEC ATOM G750 120MM Silent Fan Semi-Modular 80Plus Gold,images/products/PSU-6003.jpg,מוכן
psu,PSU-6004,ספק כוח ANTEC ATOM G850 120MM Silent Fan Semi-Modular 80Plus Gold,images/products/PSU-6004.jpg,מוכן
psu,PSU-6005,ספק כוח ANTEC ATOM V750 Active PFC 120MM silent fan non-modular,images/products/PSU-6005.webp,מוכן
psu,PSU-6006,ספק כוח ANTEC CSK 1000 PRO ATX3.1 Rdy Semi-Modular 80Plus Bronze,images/products/PSU-6006.jpg,מוכן
psu,PSU-6007,ספק כוח Antec CSK 650DC 650W ATX Non-Modular PSU 80 plus Bronze,images/products/PSU-6007.jpg,מוכן
psu,PSU-6008,ספק כוח לבן ANTEC CSK 750DC Non-Modular 750W 80 PLUS Bronze 120MM,images/products/PSU-6008.jpg,מוכן
psu,PSU-6009,ספק כוח Antec CSK 750DC 750W ATX Non-Modular PSU 80 plus Bronze,images/products/PSU-6009.jpg,מוכן
psu,PSU-6010,ספק כוח ANTEC CSK 850 PRO ATX3.1 Rdy Semi-Modular 80Plus Bronze,images/products/PSU-6010.jpg,מוכן
psu,PSU-6011,ספק כוח ANTEC GSK 750 ATX3.1 Ready Full-Modular 80Plus Gold,images/products/PSU-6011.jpg,מוכן
psu,PSU-6012,ספק כוח ANTEC GSK 850 ATX3.1 Ready Full-Modular 80Plus Gold,images/products/PSU-6012.jpg,מוכן
psu,PSU-6013,ספק Antec GSK850 V2 WHITE 80 Plus Gold Modular ATX 3.1 PCIE 5.1,images/products/PSU-6013.jpg,מוכן
psu,PSU-6014,ספק כוח Antec HCG850 PRO 850W Platinum Full Modular ATX 3.1,images/products/PSU-6014.jpg,מוכן
psu,PSU-6015,ספק כוח Antec MEGA 1000W 80Plus Gold ATX3.1 Full Modular,images/products/PSU-6015.jpg,מוכן
psu,PSU-6016,ספק כוח GOLD full modular +Antec Neo Eco 1000G M ATX3.0 80,images/products/PSU-6016.jpg,מוכן
psu,PSU-6017,ספק כוח Antec NE1000G M ATX3.1 1000W PCIE5.1 PSU Full-Modular,images/products/PSU-6017.jpg,מוכן
psu,PSU-6018,ספק כוח Antex NE1000P 1000W 80Plus Platinum ATX3.1 full modular,images/products/PSU-6018.jpg,מוכן
psu,PSU-6019,ספק כוח Antex NE1200P 1200W 80Plus Platinum ATX3.1 full modular,images/products/PSU-6019.jpg,מוכן
psu,PSU-6020,ספק כוח GOLD full modular +Antec Neo Eco 1300G M ATX3.0 80,images/products/PSU-6020.jpg,מוכן
psu,PSU-6021,ספק כוח Antec NeoEco 750W Gold fully Modular120mm Silent Fan,images/products/PSU-6021.jpg,מוכן
psu,PSU-6022,ספק כוח Antec NeoEco 850W Gold fully Modular120mm Silent Fan,images/products/PSU-6022.jpg,מוכן
psu,PSU-6023,ספק כוח Gigabyte UD1000GM PG5 1000W PCIE 5.0 ready 80 PLUS Gold,images/products/PSU-6023.webp,מוכן
psu,PSU-6024,ספק Gigabyte UD1000GM PG5 1000W V2 PCIE 5.1 ATX 3.1 80 PLUS Gold,images/products/PSU-6024.webp,מוכן
psu,PSU-6025,ספק כוח AORUS ELITE P1000W 80 Plus Platinum Modular PCIe 5.1,images/products/PSU-6025.webp,מוכן
psu,PSU-6026,ספק כוח Gigabyte UD1600PM PG5 AI TOP 80 Plus Platinum Modular,images/products/PSU-6026.webp,מוכן
psu,PSU-6027,ספק כוח Gigabyte P650G 650W 80 Plus Gold ATX 3.1 PCIE 5.1,images/products/PSU-6027.webp,מוכן
psu,PSU-6028,ספק Gigabyte UD750GM PG5 V2 750W 80 Plus Gold PCIE 5.1 ATX 3.1,images/products/PSU-6028.webp,מוכן
psu,PSU-6029,ספק Gigabyte UD750M PG5 V2 ICE 750W 80 Plus Gold ATX 3.1 PCIE 5.1,images/products/PSU-6029.webp,מוכן
psu,PSU-6030,ספק כח GIGABYTE P750GM ATX 80 PLUS GOLD FULL MODULAR 12CM FAN,images/products/PSU-6030.webp,מוכן
psu,PSU-6031,ספק כוח Gigabyte P750BS 750W 80 Plus Bronze 12cm silent fan,images/products/PSU-6031.webp,מוכן
psu,PSU-6032,ספק כוח לבן Gigabyte UD850GM PG5 ICE 850W 80 Plus Gold ATX 3.1,images/products/PSU-6032.webp,מוכן
psu,PSU-6033,ספק כוח Gigabyte UD850GM PG5 V2 850W 80 Plus Gold Modular ATX3.1,images/products/PSU-6033.webp,מוכן
psu,PSU-6034,ספק כח AORUS ELITE P850W 80 Plus Platinum Modular PCIe 5.0,images/products/PSU-6034.webp,מוכן
psu,PSU-6035,ספק כח GIGABYTE P850GM ATX V12 120mm Fan 80 plus GOLD,images/products/PSU-6035.webp,מוכן
psu,PSU-6036,ספק Cooler Master MWE 80 Plus Gold V4 850W Full Modular ATX 3.1,images/products/PSU-6036.webp,מוכן
psu,PSU-6037,ספק כוח CoolerMaster Elite 1000W 80Plus Gold ATX3.1 Fully Modular,images/products/PSU-6037.webp,מוכן
psu,PSU-6038,ספק כוח CoolerMaster Elite 1200W 80 Plus Gold ATX3.1 PCIE 5.1,images/products/PSU-6038.jpg,מוכן
psu,PSU-6039,ספק כוח CoolerMaster X Mighty 2000W Platinum PSU ATX 3.1,images/products/PSU-6039.jpg,מוכן
psu,PSU-6041,ספק Cooler Master ELITE NEX 700 230V 80 Plus White Active PFC,images/products/PSU-6041.webp,מוכן
psu,PSU-6042,ספק Cooler Master G Gold 750 V2 750W ATX3.1 80 Plus Gold,images/products/PSU-6042.webp,מוכן
psu,PSU-6043,ספק כוח Cooler Master 800W 80 PLUS GOLD none Modular PSU,images/products/PSU-6043.jpg,מוכן
psu,PSU-6044,ספק כוח Corsair AX1600i 80 plus Titanium Modular 1600W 14CM,images/products/PSU-6044.webp,מוכן
psu,PSU-6045,ספק CORSAIR CX650 Non modular 650W 80 Plus Bronze PSU,images/products/PSU-6045.webp,מוכן
psu,PSU-6046,ספק CORSAIR CX750 Non modular750W 80 Plus Bronze PSU,images/products/PSU-6046.webp,מוכן
psu,PSU-6047,ספק Corsair HX1000i Fully Modular 80Plus Platinum ATX3.0 PCIE5.0,images/products/PSU-6047.jpg,מוכן
psu,PSU-6049,ספק Corasir HX1200i ATX3.1 Full modular 80Plus Platinum Black,images/products/PSU-6049.jpg,מוכן
psu,PSU-6052,ספק כוח Corsair RM1000e Fully Modular 80Plus Gold ATX PSU ATX3.1,images/products/PSU-6052.jpg,מוכן
psu,PSU-6053,ספק Corsair RM1000e ATX3.1 Fully modular 80 Plus Gold White,images/products/PSU-6053.jpg,מוכן
psu,PSU-6054,ספק לבן Corsair RM1000x SHIFT 80 Plus Gold Fully Modular ATX3.1,images/products/PSU-6054.jpg,מוכן
psu,PSU-6055,ספק Corsair RM1000X ATX3.1 Fully modular 80Plus Gold Black,images/products/PSU-6055.jpg,מוכן
psu,PSU-6056,ספק Corsair RM1000x SHIFT 80plus Gold Fully Modular ATX ATX3.1,images/products/PSU-6056.webp,מוכן
psu,PSU-6057,ספק Corsair RM650e 80Plus Gold Fully-Modular ATX3.1 PCIE5.1,images/products/PSU-6057.jpg,מוכן
psu,PSU-6058,ספק Corsair RM750e 80Plus Gold Fully-Modular ATX3.1 PCIE5.1,images/products/PSU-6058.jpg,מוכן
psu,PSU-6059,ספק CORSAIR RM750x SHIFT 80 PLUS Gold Fully Modular ATX,images/products/PSU-6059.webp,מוכן
psu,PSU-6060,ספק לבן Corsair RM750x SHIFT 80 Plus Gold Fully Modular ATX3.1,images/products/PSU-6060.jpg,מוכן
psu,PSU-6061,ספק Corsair RM850e 80Plus Gold Fully-Modular ATX3.1 PCIE5.1,images/products/PSU-6061.jpg,מוכן
psu,PSU-6062,ספק Corsair RM850e ATX3.1 Fully modular 80Plus Gold White,images/products/PSU-6062.jpg,מוכן
psu,PSU-6063,ספק Corsair RM850X SHIFT 80 PLUS Gold Fully Modular PCIE 5.0,images/products/PSU-6063.webp,מוכן
psu,PSU-6064,ספק כוח Corsair RM850x SHIFT 80plus Gold Fully Modular ATX ATX3.1,images/products/PSU-6064.jpg,מוכן
psu,PSU-6065,ספק כוח DeepCool PN1000G 1000W Gold Fully Modular Pcie 5.1 White,images/products/PSU-6065.webp,מוכן
psu,PSU-6066,ספק Deep Cool Gamer Storm 1200W Gold Fully Modular Pcie5.1 White,images/products/PSU-6066.webp,מוכן
psu,PSU-6067,ספק כוח DeepCool PN850M 850W Gold Fully Modular Pcie 5.1 White,images/products/PSU-6067.webp,מוכן
psu,PSU-6068,ספק כוח Gigabyte Aorus ELITE P850W 80Plus Platinum PCIE5.1 ICE,images/products/PSU-6068.webp,מוכן
psu,PSU-6069,ספק כוח SAMA 500W 12CM,images/products/PSU-6069.webp,מוכן
psu,PSU-6070,ספק כוח עם כבלים ארוכים SUNN ATX PSU SN560PN 500W,images/products/PSU-6070.jpg,מוכן
psu,PSU-6071,ספק כוח 10 אמפר למצלמות כולל אפשרות לסוללת גיבוי PROVISION,images/products/PSU-6071.webp,מוכן
psu,PSU-6072,ספק כח ממותג Provision PSU DC Adapter 12V 1A,images/products/PSU-6072.webp,מוכן
psu,PSU-6073,ספק כוח מרכזי לתליה על הקיר מתאים לעד 8 מצלמות 12V DC 5 AMP,images/products/PSU-6073.webp,מוכן
psu,PSU-6074,ספק כח מרכזי DC Adapter 12V 12A,images/products/PSU-6074.webp,מוכן
psu,PSU-6075,ספק כח ממותג Provision PSU DC Adapter 12V 5A,images/products/PSU-6075.jpg,מוכן
psu,PSU-6076,ספק כח מרכזי Provision DC Adapter 12V 20A,images/products/PSU-6076.webp,מוכן
case,CSE-7000,מארז חיצוני ADATA AED600 IP54 2.5,images/products/CSE-7000.jpg,מוכן
case,CSE-7001,מארז חיצוני לדיסק A-DATA EC700G M.2/NVME USB-C ENCLOSURE RGB,images/products/CSE-7001.webp,מוכן
case,CSE-7002,מארז חיצוני ל-2 דיסקים MAIVO HDD 3.5 DUAL BAY USB3.2 RAID,images/products/CSE-7002.jpg,מוכן
case,CSE-7003,מארז ל4 דיסקים תומך RAID MAIVO 4X3.5inch USB3.1 TYPE-C HDMI,images/products/CSE-7003.jpg,מוכן
case,CSE-7004,מארז ללא ספק ANTEC VSK3000B-U3 Mini TOWER mini-ATX CASE,images/products/CSE-7004.jpg,מוכן
case,CSE-7005,מארז ללא ספק ANTEC ATX VSK4000B-U3,images/products/CSE-7005.jpg,מוכן
case,CSE-7006,מארז ANTEC 900 Full Tower 6PWM Fans Type-C E-ATX/Threadripper,images/products/CSE-7006.jpg,מוכן
case,CSE-7007,מארז Antec AX1000 ARGB Mid Tower E-ATX 4X140MM ARGB SIDE GLASS,images/products/CSE-7007.jpg,מוכן
case,CSE-7008,מארז Antec AX61 ELITE ARGB Mid-Tower,images/products/CSE-7008.webp,מוכן
case,CSE-7009,מארז ANTEC AX81 ELITE Mid-Tower E-ATX Gaming CASE,images/products/CSE-7009.jpg,מוכן
case,CSE-7010,מארז ANTEC AX83 RGB EXTREME Mid T GAMING 6x120 RGB Fan,images/products/CSE-7010.webp,מוכן
case,CSE-7012,מארז Compact Micro-ATX Case 270Degrees Full View ANTEC C2M ARGB,images/products/CSE-7012.jpg,מוכן
case,CSE-7013,מארז ANTEC C2M ARGB Compact Micro-ATX Case 270Degrees Full View,images/products/CSE-7013.jpg,מוכן
case,CSE-7014,מארז שחור Antec C3 ARGB Mid-Tower ATX 4x ARGB FANS Incl Type-C,images/products/CSE-7014.jpg,מוכן
case,CSE-7015,מארז לבן Antec C3 ARGB Mid-Tower ATX 4x ARGB FANS Incl Type-C,images/products/CSE-7015.jpg,מוכן
case,CSE-7016,מארז שחור Antec C5 ARGB Mid-Tower ATX 7x ARGB FANS Incl Type-C,images/products/CSE-7016.jpg,מוכן
case,CSE-7017,מארז לבן Antec C5 ARGB Mid-Tower ATX 7x ARGB FANS Incl Type-C,images/products/CSE-7017.jpg,מוכן
case,CSE-7018,מארז שחור Antec C5 Curve ARGB Mid-Tower ATX 4x ARGB FANS Type-C,images/products/CSE-7018.jpg,מוכן
case,CSE-7019,מארז לבן Antec C5 Curve ARGB Mid-Tower ATX 4x ARGB FANS Type-C,images/products/CSE-7019.jpg,מוכן
case,CSE-7020,מארז שחור Antec C8 RGB E-ATX Mid-Tower 3X ARGB FANS Incl Black,images/products/CSE-7020.jpg,מוכן
case,CSE-7021,מארז לבן Antec C8 ARGB E-ATX Mid-Tower 3X ARGB FANS Incl White,images/products/CSE-7021.jpg,מוכן
case,CSE-7022,מארז שחור Antec CX200M RGB ELITE M-ATX 5X120mm RGB FANS,images/products/CSE-7022.webp,מוכן
case,CSE-7023,מארז לבן Antec CX200M RGB ELITE M-ATX 5X120mm RGB FANS,images/products/CSE-7023.webp,מוכן
case,CSE-7024,מארז Antec CX300 ARGB Black Mid-Tower 4x120mm Fan Include,images/products/CSE-7024.jpg,מוכן
case,CSE-7025,מארז Antec CX300 ARGB White Mid-Tower 4x120mm Fan Include,images/products/CSE-7025.webp,מוכן
case,CSE-7026,מארז Antec CX300M ARGB Mid Tower Gaming Case Micro-AtX,images/products/CSE-7026.webp,מוכן
case,CSE-7027,מארז שחור Antec CX700 ARGB BLACK ATX 3X120MM ARGB FANS USB-C,images/products/CSE-7027.jpg,מוכן
case,CSE-7028,מארז לבן Antec CX700 ARGB White ATX 3X120MM FANS ARGB USB-C,images/products/CSE-7028.jpg,מוכן
case,CSE-7029,מארז ANTEC CX705 ARGB5x120mm Fans Mid-Tower Panoramic 270 degrees,images/products/CSE-7029.jpg,מוכן
case,CSE-7030,מארז Antec CX Mirror Black Mini-Tower Gaming Case 7X120mm ARGB,images/products/CSE-7030.jpg,מוכן
case,CSE-7031,מארז Antec CX Mirror White Mini-Tower Gaming Case 7X120mm ARGB,images/products/CSE-7031.jpg,מוכן
case,CSE-7032,מארז Antec Flux M Mid Tower Micro-ATX ARGB Type-C 3.2,images/products/CSE-7032.jpg,מוכן
case,CSE-7033,מארז Antec Flux Rear Mid Tower 3X140mm ARGB 2X120MM Fan TypeC 3.2,images/products/CSE-7033.jpg,מוכן
case,CSE-7034,מארז שקט ANTEC P10 FLUX ATX 5X120mm Fan,images/products/CSE-7034.jpg,מוכן
case,CSE-7035,מארז ANTEC P20CE Mid-Tower E-ATX Gaming CaseType-C 3.2 Gen 2,images/products/CSE-7035.jpg,מוכן
case,CSE-7036,מארז Antec P30 Air Mid Tower ATX Case Black 5X120mm Fans Type-C,images/products/CSE-7036.jpg,מוכן
case,CSE-7037,מארז Antec P7 S Mid-Tower ATX 4X120MM Fans Dual Silent Side Panel,images/products/CSE-7037.jpg,מוכן
case,CSE-7038,מארז Antec Performance 1 Silent Full Tower E-ATX Case,images/products/CSE-7038.jpg,מוכן
case,CSE-7039,מארז Antec ST10M Micro ATX Case USB3 Black,images/products/CSE-7039.jpg,מוכן
case,CSE-7040,מארז Antec ST10M TG Mini Tower Micro-Atx Black Glass Side Panel,images/products/CSE-7040.webp,מוכן
case,CSE-7041,מארז Antec VCX10M ARGB Mini Tower Micro-Atx 5XARGB 120mm Fan,images/products/CSE-7041.webp,מוכן
case,CSE-7042,מארז Antec VCX300 ARGB Black Mid-Tower ATX 5x120mm Fans include,images/products/CSE-7042.webp,מוכן
case,CSE-7043,מארז Antec VCX300 RGB Elite Mid Tower 5X Fixed RGB Fans,images/products/CSE-7043.webp,מוכן
case,CSE-7044,מארז Antec VX100M ARGB 3X ARGB 120mm Fan Micro-ATX Mini Tower,images/products/CSE-7044.jpg,מוכן
case,CSE-7045,מארז Antec VX310 ARGB ATX Mid-Tower Tempered Glass 4x120mm Fans,images/products/CSE-7045.jpg,מוכן
case,CSE-7046,מארז Antec VX510 ARGB Mid-Tower Gaming Case ATX 4X120nn ARGB Fans,images/products/CSE-7046.webp,מוכן
case,CSE-7047,מארז GIGABYTE C102 GLASS ICE Mid Tower Micro Atx,images/products/CSE-7047.webp,מוכן
case,CSE-7048,מארז לבן GIGABYTE C201 PANORAMIC ICE Micro-ATX 3XARGB Fans,images/products/CSE-7048.webp,מוכן
case,CSE-7049,מארז לבן GIGABYTE C500 PANORAMIC STEALTH ICE Mid-Tower ATX,images/products/CSE-7049.webp,מוכן
case,CSE-7050,מארז GIGABYTE C500 PANORAMIC STEALTH Mid-Tower4X120mm ARGB Fans,images/products/CSE-7050.webp,מוכן
case,CSE-7051,מארז Cooler Master Elite 600 ATX mid-tower USB-C Airflow Black,images/products/CSE-7051.webp,מוכן
case,CSE-7052,מארז Cooler Master Elite 600 ATX mid-tower USB-C Airflow White,images/products/CSE-7052.webp,מוכן
case,CSE-7053,מארז Corsair 3000D RGB AIRFLOW Mid Tower CASE White,images/products/CSE-7053.jpg,מוכן
case,CSE-7054,מארז Corsair 3200D RS ARGB Mid Tower ATX Black,images/products/CSE-7054.webp,מוכן
case,CSE-7055,מארז Corsair 3200D RS ARGB Mid Tower ATX White,images/products/CSE-7055.webp,מוכן
case,CSE-7056,מארז CORSAIR AIR 5400 RS-R ARGB Triple Chamber 3x Fans Include Bl,images/products/CSE-7056.webp,מוכן
case,CSE-7057,מארז Corsair AIR 5400 RS-R ARGB E-ATX 3XUSB 3.2 Type-C White,images/products/CSE-7057.webp,מוכן
case,CSE-7058,מארז CORSAIR 7000D AIRFLOW FULL-TOWER ATX CASE Black,images/products/CSE-7058.webp,מוכן
case,CSE-7059,מארז CORSAIR iCUE 7000X RGB Tempered Glass Full-Tower ATX BLACK,images/products/CSE-7059.webp,מוכן
case,CSE-7060,מארז Corsair 9000D Airflow E-ATX Super-Tower Type-C InfiniRail,images/products/CSE-7060.jpg,מוכן
case,CSE-7061,מארז לבן Corsair 9000D Airflow E-ATX Super-Tower Type-C InfiniRai,images/products/CSE-7061.jpg,מוכן
case,CSE-7062,מארז Corsair 6500X Mid-Tower E-ATX Tempered Glass Case White,images/products/CSE-7062.jpg,מוכן
case,CSE-7063,מארז Corsair 2500X Mini-Tower mATX Tempered Glass NO FANS,images/products/CSE-7063.jpg,מוכן
case,CSE-7064,מארז Corsair 2500X Mini-Tower mATX Tempered Glass NO FANS White,images/products/CSE-7064.jpg,מוכן
case,CSE-7065,מארז Corsair 480T Airflow Tempered Glass Mid-Tower E-ATX Black,images/products/CSE-7065.webp,מוכן
case,CSE-7066,מארז מיני כולל ספק LOOP-2001 500W 35.5CM HEIGHT Mini Tower ATX,images/products/CSE-7066.jpg,מוכן
case,CSE-7067,מארז שחור כולל ספק כוח SAMA CA-505 ATX Mid Tower Psu 500W USB3,images/products/CSE-7067.webp,מוכן
case,CSE-7069,מארז שרת תעשייתי קומפקטי CHENBRO RM42300 4U Rackmount,images/products/CSE-7069.webp,מוכן
caseFans,FAN-9000,מאוורר NOCTUA NH-D15 250W TDP DUAL 140mm FAN Intel/Amd Brown,images/products/FAN-9000.jpg,מוכן
caseFans,FAN-9001,מאוורר NOCTUA NH-D15 250W TDP DUAL 140mm FAN Intel/Amd Black,images/products/FAN-9001.jpg,מוכן
caseFans,FAN-9002,מאווררים למארז Antec 120mm RGB 3 Pack Fan 1 Master+2 SLAVE,images/products/FAN-9002.webp,מוכן
caseFans,FAN-9003,מאוורר אנטק שחור למארז 12CM,images/products/FAN-9003.jpg,מוכן
caseFans,FAN-9004,מאוורר אנטק לבן למארז 120mm ללא RGB,images/products/FAN-9004.jpg,מוכן
caseFans,FAN-9005,מאורר למארז ANTEC 12CM FAN molex connector Bulk,images/products/FAN-9005.jpg,מוכן
caseFans,FAN-9006,מאוורר למארז Antec F12 Racing ARGB 120mm PWM,images/products/FAN-9006.jpg,מוכן
caseFans,FAN-9007,מאווררים למארז Antec F12 Racing 120mm ARGB 3 Pack Fan+Controller,images/products/FAN-9007.jpg,מוכן
caseFans,FAN-9008,מאורר למארז Antec 140mm Case Fan 3-pin Connector Bulk F14 Series,images/products/FAN-9008.jpg,מוכן
caseFans,FAN-9009,מאווררים למארז ANTEC Connect C120 ARGB BLACK 3PK,images/products/FAN-9009.jpg,מוכן
caseFans,FAN-9010,מאווררים למארז ANTEC Connect C120 ARGB WHITE 3PK,images/products/FAN-9010.webp,מוכן
caseFans,FAN-9011,מאווררים למארז ANTEC Connect C120 Reverse ARGB BLACK 3PK,images/products/FAN-9011.jpg,מוכן
caseFans,FAN-9012,מאווררים למארז ANTEC Connect C120 Reverse ARGB WHITE 3PK,images/products/FAN-9012.jpg,מוכן
caseFans,FAN-9013,מאווררים למארז Antec Orbit 120 ARGB 3 Pack,images/products/FAN-9013.jpg,מוכן
caseFans,FAN-9014,מאוורר למארז Antec Neon 120mm ARGB PWM,images/products/FAN-9014.jpg,מוכן
caseFans,FAN-9015,מאווררים למארז ANTEC NEON 120 ARGB BLACK 3PK,images/products/FAN-9015.webp,מוכן
caseFans,FAN-9016,מאווררים למארז Antec Storm T3 140mm Black ARGB 3 Fan Pack,images/products/FAN-9016.jpg,מוכן
caseFans,FAN-9017,מאווררים למארז ANTEC Vision 120 ARGB PWM FANS BLACK 3PK,images/products/FAN-9017.jpg,מוכן
caseFans,FAN-9018,מאווררים למארז ANTEC Vision 120 Reverse ARGB FANS BLACK 3PK,images/products/FAN-9018.jpg,מוכן
caseFans,FAN-9019,מאוורר למארז CORSAIR FAN 4PIN 120MM BULK BLACK,images/products/FAN-9019.jpg,מוכן
caseFans,FAN-9020,מאורר למארז CORSAIR FAN WHITE 120MM BULK BLACK,images/products/FAN-9020.jpg,מוכן
paste,PST-9500,משחה תרמית Cooler master ICE FUSION V2 40gr.5(W/m-K),images/products/PST-9500.webp,מוכן
wifi,NET-10000,כרטיס רשת אלחוטי Ezcool UWF-690 WIFI 6 USB AX1800,images/products/NET-10000.jpg,מוכן
wifi,NET-10001,כרטיס רשת אלחוטי TPLINK Archer T4U USB 3.0,images/products/NET-10001.jpg,מוכן
wifi,NET-10002,כרטיס רשת קווי TPLINK TG-3468 PCI-E,images/products/NET-10002.jpg,מוכן
wifi,NET-10003,כרטיס רשת אלחוטי TPLink Archer AX3000 up to 3000Mbps WIFI 6,images/products/NET-10003.jpg,מוכן
wifi,NET-10004,כרטיס רשת קווי EDIMAX EN-9260TX-E PCI-E,images/products/NET-10004.webp,מוכן
wifi,NET-10005,כרטיס רשת EN-9320TX-E 10 Gigabit PCIe x4,images/products/NET-10005.jpg,מוכן
wifi,NET-10006,כרטיס רשת פנימי Cudy PE10G 10Gbps PCIE X4,images/products/NET-10006.webp,מוכן
wifi,NET-10007,כרטיס רשת CUDY UE10A USB-A 3.0 TO RJ45 UP TO 1GB,images/products/NET-10007.webp,מוכן
wifi,NET-10008,כרטיס רשת CUDY UE10C USB-C TO RJ45 UP TO 1GB,images/products/NET-10008.jpg,מוכן
wifi,NET-10009,כרטיס רשת CUDY USB-A to 2.5G LAN,images/products/NET-10009.webp,מוכן
wifi,NET-10010,כרטיס רשת CUDY USB-C to 2.5Gb,images/products/NET-10010.webp,מוכן
wifi,NET-10011,כרטיס רשת Cudy WE650 PCIE WIFI 5 Dual Band Card,images/products/NET-10011.webp,מוכן
wifi,NET-10012,כרטיס רשת CUDY WE9300 PCIE WIFI7 BT5.4 6GHz UP TO 5760 Mbps,images/products/NET-10012.jpeg,מוכן
wifi,NET-10013,כרטיס רשת USB אלחוטי Cudy AC1300 Dual-Band High Gain Wi-Fi WU1400,images/products/NET-10013.jpg,מוכן
wifi,NET-10014,כרטיס רשת Cudy AX5400 High-Gain USB 3.0 Wi-Fi 6E Adapter,images/products/NET-10014.webp,מוכן
wifi,NET-10015,כרטיס רשת Cudy BE6500 WIFI7 USB 3.0 High Gain Adapter,images/products/NET-10015.webp,מוכן
wifi,NET-10016,כרטיס רשת ST-LAB 10GB PCIEX4 5-SPEED Multi-Gigabit Network Card,images/products/NET-10016.jpg,מוכן
wifi,NET-10017,כרטיס רשת STL PCle 2.5G 4-Speed Gigabyte Network Adapter,images/products/NET-10017.jpg,מוכן
wifi,NET-10018,כרטיס רשת GoldTouch USB3.0 TO LAN 1GB,images/products/NET-10018.webp,מוכן
wifi,NET-10019,כרטיס רשת USB3.1 Type C to Gigabit Ethernet Network Adapter,images/products/NET-10019.jpg,מוכן
extras,ACC-11000,דיסק חיצוני Seagate Expansion Desktop HDD 10TB 3.5 USB 3.0,images/products/ACC-11000.webp,מוכן
extras,ACC-11001,דיסק חיצוני Seagate Expansion Desktop HDD 16TB 3.5 USB 3.0,images/products/ACC-11001.webp,מוכן
extras,ACC-11002,דיסק חיצוני Seagate Expansion Desktop HDD 20TB 3.5 USB 3.0,images/products/ACC-11002.webp,מוכן
extras,ACC-11003,דיסק חיצוני Seagate Expansion Desktop HDD 24TB 3.5 USB 3.0,images/products/ACC-11003.webp,מוכן
extras,ACC-11004,דיסק חיצוני Seagate Expansion Desktop HDD 6TB 3.5 USB 3.0,images/products/ACC-11004.webp,מוכן
extras,ACC-11005,דיסק חיצוני Seagate Expansion Desktop HDD 8TB 3.5 USB 3.0,images/products/ACC-11005.webp,מוכן
extras,ACC-11006,דיסק חיצוני WD MYBOOK 12TB 3.5 inch USB 3.2 Gen1 Backup Software,images/products/ACC-11006.jpg,מוכן
extras,ACC-11007,דיסק חיצוני WD MYBOOK 14TB 3.5 inch USB 3.2 Gen1 Backup Software,images/products/ACC-11007.jpg,מוכן
extras,ACC-11008,דיסק חיצוני WD MYBOOK 16TB 3.5 inch USB 3.2 Gen1 Backup Software,images/products/ACC-11008.jpg,מוכן
extras,ACC-11009,דיסק חיצוני WD MYBOOK 18TB 3.5 inch USB 3.2 Gen1 Backup Software,images/products/ACC-11009.jpg,מוכן
extras,ACC-11010,דיסק חיצוני WD MYBOOK 22TB 3.5 inch USB 3.2 Gen1 Backup Software,images/products/ACC-11010.jpg,מוכן
extras,ACC-11011,דיסק חיצוני WD MYBOOK 6TB 3.5 inch USB 3.2 Gen1 Backup Software,images/products/ACC-11011.jpg,מוכן
extras,ACC-11012,דיסק חיצוני WD MYBOOK 8TB 3.5 inch USB 3.2 Gen1 Backup Software,images/products/ACC-11012.jpg,מוכן
extras,ACC-11014,דיסק חיצוני Seagate Expansion Portable 4TB 3.5inch USB3.0,images/products/ACC-11014.jpg,מוכן
extras,ACC-11015,דיסק חיצוני SEAGATE Basic Portable Drive 1TB 2.5 usb 3.0,images/products/ACC-11015.webp,מוכן
extras,ACC-11016,דיסק חיצוני SEAGATE Basic Portable Drive 2TB 2.5 usb 3.0,images/products/ACC-11016.webp,מוכן
extras,ACC-11017,דיסק חיצוני SEAGATE Basic Portable Drive 4TB 2.5 usb 3.0,images/products/ACC-11017.webp,מוכן
extras,ACC-11018,דיסק חיצוני Seagate Expansion Portable 2TB 2.5 Inch USB3.0,images/products/ACC-11018.jpg,מוכן
extras,ACC-11019,דיסק חיצוני Seagate Expansion Portable 4TB 2.5inch USB 3.0,images/products/ACC-11019.webp,מוכן
extras,ACC-11020,דיסק חיצוני 2.5 Western Digital Elements 1TB,images/products/ACC-11020.jpg,מוכן
extras,ACC-11021,דיסק חיצוני 2.5 Western Digital Elements 2TB,images/products/ACC-11021.jpg,מוכן
extras,ACC-11022,דיסק חיצוני Western Digital My Passport 1TB 2.5 usb 3.2,images/products/ACC-11022.jpg,מוכן
extras,ACC-11023,דיסק חיצוני Western Digital My Passport 2TB 2.5 USB 3.2 GEN1,images/products/ACC-11023.jpg,מוכן
extras,ACC-11024,דיסק חיצוני WD My Passport 4TB USB 3.1 2.5,images/products/ACC-11024.jpg,מוכן
extras,ACC-11025,דיסק חיצוני Western Digital My Passport 4TB 2.5 Type C,images/products/ACC-11025.webp,מוכן
extras,ACC-11026,דיסק חיצוני Western Digital My Passport 5TB 2.5 usb 3.2,images/products/ACC-11026.jpg,מוכן
extras,ACC-11027,דיסק חיצוני TOSHIBA Canvio Ready 1TB 2.5 USB 3.2,images/products/ACC-11027.webp,מוכן
extras,ACC-11028,דיסק חיצוני TOSHIBA Canvio Ready 2TB 2.5 USB 3.2,images/products/ACC-11028.webp,מוכן
extras,ACC-11029,דיסק חיצוני TOSHIBA Canvio Ready 4TB 2.5 USB 3.2,images/products/ACC-11029.webp,מוכן
extras,ACC-11030,דיסק חיצוני TOSHIBA Canvio Basics 1TB 2.5 USB 3.2,images/products/ACC-11030.webp,מוכן
extras,ACC-11031,דיסק חיצוני Kingston XS1000 1TB USB 3.2 Gen 2 up to 1050 MB/s,images/products/ACC-11031.webp,מוכן
extras,ACC-11032,דיסק חיצוני Kingston XS1000 2TB USB 3.2 Gen 2 up to 1050 MB/s,images/products/ACC-11032.webp,מוכן
extras,ACC-11033,דיסק חיצוני SAMSUNG Portable SSD T7 TOUCH USB 3.2 500GB,images/products/ACC-11033.jpg,מוכן
extras,ACC-11034,דיסק חיצוני SanDisk Portable 1TB USB 3.2 Type-C,images/products/ACC-11034.jpg,מוכן
extras,ACC-11035,דיסק חיצוני SanDisk Portable 2TB USB 3.2 Type-C,images/products/ACC-11035.jpg,מוכן
extras,ACC-11036,זכרון נייד SanDisk 512GB TYPE-C and Type-A Dual Drive Luxe,images/products/ACC-11036.webp,מוכן
extras,ACC-11037,זכרון נייד SANDISK Cruzer Blade USB Flash Drive 32GB Red USB 2.0,images/products/ACC-11037.jpg,מוכן
extras,ACC-11038,זכרון נייד SanDisk 128GB Ultra Curve USB 3.2 Gen 1 TYPE-A,images/products/ACC-11038.jpg,מוכן
extras,ACC-11039,זכרון נייד SanDisk Ultra Luxe 512GB Flash Drive USB 3.2,images/products/ACC-11039.jpg,מוכן
extras,ACC-11040,זכרון נייד SAMSUNG BAR Plus 3.1 USB Flash Drive 128GB,images/products/ACC-11040.jpg,מוכן
extras,ACC-11041,קופסא לדיסק חיצוני 2.5 Gold Touch E-USB-2.5S USB 2.0,images/products/ACC-11041.jpg,מוכן
extras,ACC-11042,קופסא לדיסק חיצוני Gold Touch E-SDE25-U3 USB 3.0,images/products/ACC-11042.jpg,מוכן
extras,ACC-11043,קופסא לדיסק חיצוני 3.5 ST-LAB external Encloser,images/products/ACC-11043.webp,מוכן
extras,ACC-11044,קופסא חיצונית לדיסק Gold Touch USB3.1 To M.2 NVMe Type-C,images/products/ACC-11044.webp,מוכן
extras,ACC-11045,קופסא חיצונית לדיסק Gold touch usb3 to M2 SATA,images/products/ACC-11045.jpg,מוכן
extras,ACC-11046,דלת צד למארז לבן Corsair iCUE 4000X/D/D Airflow Solid Side White,images/products/ACC-11046.webp,מוכן
extras,ACC-11047,דלת צד למארז לבן CORSAIR iCUE 5000X/D/D AIRFLOW Tempered Glass,images/products/ACC-11047.webp,מוכן
extras,ACC-11048,דלת ימין שחור CORSAIR iCUE 5000X/D/D AIRFLOW Solid Side Panel,images/products/ACC-11048.webp,מוכן
extras,ACC-11049,דלת ימין לבן CORSAIR iCUE 5000X/D/D AIRFLOW Solid Side Panel,images/products/ACC-11049.webp,מוכן
extras,ACC-11050,פנל קדמי למארז Corsair 5000D AIRFLOW Front MESH Panel Black,images/products/ACC-11050.jpg,מוכן
extras,ACC-11051,פנל קדמי למארז Corsair 5000D AIRFLOW Front MESH Panel White,images/products/ACC-11051.webp,מוכן
extras,ACC-11052,זכוכית קדמית שחור CORSAIR iCUE 5000X Tempered Glass,images/products/ACC-11052.webp,מוכן
extras,ACC-11053,זכוכית למארז שחור CORSAIR iCUE 7000X/D/D AIRFLOW Tempered Glass B,images/products/ACC-11053.webp,מוכן
extras,ACC-11054,זכוכית למארז CORSAIR iCUE 7000X/D/D AIRFLOW Tempered Glass WHITE,images/products/ACC-11054.webp,מוכן
extras,ACC-11055,זכוכית למארז AX1000,images/products/ACC-11055.webp,מוכן
extras,ACC-11056,זכוכית למארז VCX100M RGB ELITE,images/products/ACC-11056.webp,מוכן
extras,ACC-11057,זכוכית למארז שחור ANTEC CX200M,images/products/ACC-11057.webp,מוכן
extras,ACC-11058,צד ימין למארז שחור ANTEC CX200M,images/products/ACC-11058.jpg,מוכן
extras,ACC-11059,פנל קידמי למארז שחור ANTEC CX200M,images/products/ACC-11059.webp,מוכן
extras,ACC-11060,זכוכית למארז לבן ANTEC CX200M,images/products/ACC-11060.jpg,מוכן
extras,ACC-11061,צד ימין למארז לבן ANTEC CX200M,images/products/ACC-11061.jpg,מוכן
extras,ACC-11062,פנל קידמי למארז לבן ANTEC CX200M,images/products/ACC-11062.jpg,מוכן
extras,ACC-11063,זכוכית למארז ANTEC P20,images/products/ACC-11063.jpeg,מוכן
extras,ACC-11064,זכוכית צד למארז ANTEC AX22 ELITE,images/products/ACC-11064.webp,מוכן
extras,ACC-11065,זכוכית למארז ANTEC NX290/292,images/products/ACC-11065.webp,מוכן
extras,ACC-11066,זכוכית למארז שחור ANTEC CX300 ARGB BLACK,images/products/ACC-11066.jpg,מוכן
extras,ACC-11067,זכוכית למארז לבן ANTEC CX300 ARGB WHITE,images/products/ACC-11067.webp,מוכן
extras,ACC-11068,זכוכית למארז שחור ANTEC CX300,images/products/ACC-11068.webp,מוכן
extras,ACC-11069,זכוכית קידמית למארז שחור ANTEC CX300,images/products/ACC-11069.jpg,מוכן
extras,ACC-11070,זכוכית קידמי למארז ANTEC CX300 לבן,images/products/ACC-11070.webp,מוכן
extras,ACC-11071,זכוכית למארז P30 AIR,images/products/ACC-11071.webp,מוכן
extras,ACC-11072,זכוכית למארז CX600M שחור,images/products/ACC-11072.webp,מוכן
extras,ACC-11073,זכוכית למארז ANTEC AX61,images/products/ACC-11073.jpeg,מוכן
extras,ACC-11074,זכוכית צד למארז ANTEC NX700,images/products/ACC-11074.jpeg,מוכן
extras,ACC-11075,זכוכית קדמית למארז שחור ANTEC C8 BLACK,images/products/ACC-11075.jpg,מוכן
extras,ACC-11076,זכוכית למארז ANTEC AX81,images/products/ACC-11076.jpeg,מוכן
extras,ACC-11077,זכוכית למארז ANTEC AX83,images/products/ACC-11077.webp,מוכן
extras,ACC-11078,זכוכית למארז ANTEC AX85,images/products/ACC-11078.webp,מוכן
extras,ACC-11079,זכוכית למארז CX MIRROR,images/products/ACC-11079.webp,מוכן
extras,ACC-11080,כבל SATA,images/products/ACC-11080.jpg,מוכן
extras,ACC-11081,כבל SATA to Molex,images/products/ACC-11081.jpg,מוכן
extras,ACC-11082,כרטיס הרחבה PCIe x4 to M.2 Adapter Support 2280 M.2,images/products/ACC-11082.webp,מוכן
extras,ACC-11083,כרטיס הרחבה PCIe x16 to M.2 Adapter w/HS Support 2280 M.2,images/products/ACC-11083.webp,מוכן
extras,ACC-11084,כרטיס הרחבה PCIe x16 to M.2 Adapter w/HS Support 2280 M.2,images/products/ACC-11084.webp,מוכן
extras,ACC-11085,כפתור כיבוי והדלקה Pc Power Reset Button With RGB,images/products/ACC-11085.jpg,מוכן
extras,ACC-11086,כפתור כיבוי והדלקה לבן Pc Power Reset Button With RGB,images/products/ACC-11086.webp,מוכן
extras,ACC-11087,תומך לכרטיסי מסך ANTEC GPU Support Dagger White,images/products/ACC-11087.jpg,מוכן
extras,ACC-11088,תומך לכרטיס מסך Antec GPU Holder IGPU Black,images/products/ACC-11088.webp,מוכן
extras,ACC-11089,תומך לכרטיס מסך Antec GPU Holder IGPU Prism Black,images/products/ACC-11089.webp,מוכן
extras,ACC-11090,תומך לכרטיס מסך Cooler Master ARGB GPU SUPPORT BRACKET,images/products/ACC-11090.jpg,מוכן
extras,ACC-11091,כרטיס הרחבה PCIe x1 to M.2 Adapter Support 2280 M.2,images/products/ACC-11091.webp,מוכן
extras,ACC-11092,כרטיס הרחבה ללוחות Gigabyte נתמכים Gigabyte Thunderbolt 4,images/products/ACC-11092.webp,מוכן
extras,ACC-11093,פנל 6 Power outlet,images/products/ACC-11093.webp,מוכן
extras,ACC-11094,פנל 24 מחברים RJ-45 CAT 6A,images/products/ACC-11094.jpg,מוכן
extras,ACC-11095,פנל שערות 19 1U,images/products/ACC-11095.jpg,מוכן
extras,ACC-11096,פנל עיוור 19 1U,images/products/ACC-11096.jpg,מוכן
extras,ACC-11097,פנל 19 ללא קונקטורים עם תעלה 24P 1U,images/products/ACC-11097.jpg,מוכן
extras,ACC-11098,פנל 24 מחברים RJ-45 CAT 6,images/products/ACC-11098.jpg,מוכן
readyPc,PCS-13000,מחשב AX83 ARGB 700W H610M I5-12400F 8GB 500GB NVMe RTX3050,images/products/PCS-13000.webp,מוכן
readyPc,PCS-13001,נייח VCX300 750W B760M I5-14400F 16GB DDR4 1TB NVME RTX 3050,images/products/PCS-13001.webp,מוכן
readyPc,PCS-13002,מ. גיימינג CX300 750W B760M DDR4 I5-14400F 32GB 1TB NVME RTX5060,images/products/PCS-13002.webp,מוכן
readyPc,PCS-13003,מחשב Antec C5 ARGB 850W U7 265KF B860M 32GB 1TB NVME RTX5070,images/products/PCS-13003.webp,מוכן
readyPc,PCS-13004,מחשב VCX300 ARGB 750W B760M i5-14400F 16GB DDR4 500NVME RTX5060,images/products/PCS-13004.webp,מוכן
readyPc,PCS-13005,מ. גיימינג AX61 750W B760M i5-14400F 16GB DDR5 1TB NVME RTX 5060,images/products/PCS-13005.jpg,מוכן
readyPc,PCS-13006,מחשב גימינג ELITE 600 850W X870 A ELITE 9800X3D 32GB 1TB 5060 ICE,images/products/PCS-13006.webp,מוכן
readyPc,PCS-13007,מחשב גימינג ELITE 600 850W X870 A ELITE 9800X3D 32GB 1TB 5070 ICE,images/products/PCS-13007.webp,מוכן
readyPc,PCS-13008,מחשב CX300 ARGB 700W B650M R7-7800X3D 32GB DDR5 1TB NVME 5060,images/products/PCS-13008.webp,מוכן
readyPc,PCS-13009,מחשב CX300 ARGB 700W B650M R5-9600X 16GB DDR5 1TB NVME 5060,images/products/PCS-13009.jpg,מוכן
readyPc,PCS-13010,מחשב גיימינג CX200M RGB B760M I5-12400F 16GB 1TB NVME RTX 3050,images/products/PCS-13010.jpg,מוכן
readyPc,PCS-13011,מ. גיימינג CX300 ARGB 750W B760M I5-14400F 16GB 1TB NVME RTX 3050,images/products/PCS-13011.jpg,מוכן
readyPc,PCS-13012,מחשב CX300M ARGB 750W B760M DDR4 I5-14400F 16GB 1TB NVME RTX5060,images/products/PCS-13012.webp,מוכן
readyPc,PCS-13013,מחשב CX300 750W B760M I7-14700F 16GB DDR4 1TB NVME RTX 5060 8GB,images/products/PCS-13013.jpg,מוכן
readyPc,PCS-13014,מחשב גיימינג CX200M 600W A520M R5-5500 16GB 500NVME RTX 3050,images/products/PCS-13014.jpg,מוכן
readyPc,PCS-13015,מחשב CX300M ARGB 750W B850M R5-7500F 16GB 1TB NVME RTX 5060,images/products/PCS-13015.webp,מוכן
readyPc,PCS-13016,מחשב גיימינג CX300 ARGB 750W B860M U5-225F 16GB 1TB NVME RTX5060,images/products/PCS-13016.webp,מוכן
readyPc,PCS-13017,מחשב גימינג FLUX M 750W B860M U7-265KF 32GB DDR5 1TB RTX 5060 8GB,images/products/PCS-13017.webp,מוכן
readyPc,PCS-13018,מחשב CX300 ARGB 750W H810M U5-225F 1TB NVME 16GB DDR5 RTX 5060,images/products/PCS-13018.webp,מוכן
readyPc,PCS-13019,מחשב גיימינג CX300 750W H810 U5-225F 16GB DDR5 1TB NVME RTX 3050,images/products/PCS-13019.jpg,מוכן
readyPc,PCS-13020,מחשב C5 Curve ARGB 750W B860M WIFI U5-250KF 32GB 1TB NVME RTX5060,images/products/PCS-13020.webp,מוכן
readyPc,PCS-13021,נייח ST10M 500W H610M I3-14100 8GB 500GB NVME,images/products/PCS-13021.jpg,מוכן
readyPc,PCS-13022,מחשב מורכב ATX CASE 500W H610M H i5-12400 16GB 480NVME,images/products/PCS-13022.webp,מוכן
readyPc,PCS-13023,מחשב מורכב ATX case 500W H610M I5-12400 8GB 500NVME,images/products/PCS-13023.webp,מוכן
readyPc,PCS-13024,נייח Lenovo ThinkCentre neo 30t Gen 5 i5-13420H 16GB 512NVME DOS,images/products/PCS-13024.webp,מוכן
readyPc,PCS-13025,נייח Lenovo ThinkCenter neo 30t Gen 5 i3-1315U 8GB 256NVME DOS,images/products/PCS-13025.webp,מוכן
readyPc,PCS-13026,נייח Lenovo ThinkCentre neo 30t Gen 5 i5-13420H 8GB 256NVME DOS,images/products/PCS-13026.webp,מוכן
readyPc,PCS-13027,נייח LENOVO ThinkCenter neo 50t Gen 5 I7-14700 16GB 512NVME 3Y,images/products/PCS-13027.webp,מוכן
readyPc,PCS-13028,נייח LENOVO ThinkCenter neo 50t Gen 5 I5-14400 8GB 256NVME DOS,images/products/PCS-13028.webp,מוכן
readyPc,PCS-13029,נייח LENOVO ThinkCenter neo 50t Gen 5 I5-14400 16GB 512NVME DOS,images/products/PCS-13029.webp,מוכן
readyPc,PCS-13030,נייח LENOVO ThinkCenter neo 50t Gen 5 I3-14100 8GB 256NVME DOS,images/products/PCS-13030.webp,מוכן
readyPc,PCS-13031,נייח LENOVO ThinkCenter neo 50t Gen 5 I5-14400 8GB 512NVME DOS,images/products/PCS-13031.webp,מוכן
readyPc,PCS-13032,נייח LENOVO ThinkCenter neo 50t Gen 5 I5-14400 32GB 1TB NVME 3Y,images/products/PCS-13032.webp,מוכן
readyPc,PCS-13033,נייח DELL QVT1260 i5-14400 16GB DDR5 512NVME WIN11H 3YOS,images/products/PCS-13033.webp,מוכן
readyPc,PCS-13034,נייח DELL QVT1260 i5-14500 16GB DDR5 512NVME DOS 3YOS,images/products/PCS-13034.webp,מוכן
readyPc,PCS-13036,מחשב מיני GMKtec G10 AMD R5 3500U 16GB 1TB WIN11PR,images/products/PCS-13036.webp,מוכן
readyPc,PCS-13037,מחשב מיני GMKtec G10 AMD R5 3500U 16GB 512GB WIN11PR,images/products/PCS-13037.webp,מוכן
readyPc,PCS-13039,מחשב מיני GMKtec NuicBox G3 Pro Intel I3-10110U 16GB 512GB W11Pr,images/products/PCS-13039.jpg,מוכן
readyPc,PCS-13040,מחשב מיני GMK-G5 Intel N97 12GB 256NVME WIN11 Pro,images/products/PCS-13040.webp,מוכן
readyPc,PCS-13041,מחשב מיני GMKtec K11 Plus AMD R9 8945HS 32GB DDR5 1TB WIN11PRO,images/products/PCS-13041.webp,מוכן
readyPc,PCS-13042,מחשב מיני GMKtec K12 Plus AMD R7 H255 32GB DDR5 1TB WIN11PR,images/products/PCS-13042.webp,מוכן
readyPc,PCS-13043,מחשב מיני GMKtec K13 Intel Ultra7 256V 16GB 1TB Win11 Pro,images/products/PCS-13043.webp,מוכן
readyPc,PCS-13044,מחשב מיני GMKtec K15 Intel Ultra5 125U 16GB 1TB WIN11 Pro,images/products/PCS-13044.webp,מוכן
readyPc,PCS-13045,מחשב מיני GMK-M3 Intel I5-12450H 16GB 1TB NVME WIN11 Pro,images/products/PCS-13045.webp,מוכן
readyPc,PCS-13046,מחשב מיני GMK-M3 Intel I5-12450H 16GB 512NVME WIN11 Pro,images/products/PCS-13046.webp,מוכן
readyPc,PCS-13047,מחשב מיני GMK-M3 Pro Intel I5-13500H 16GB 1TB NVME WIN11 Pro,images/products/PCS-13047.jpg,מוכן
readyPc,PCS-13048,מחשב מיני GMK-M3 Pro Intel I5-13500H 16GB 512NVME WIN11 Pro,images/products/PCS-13048.jpg,מוכן
readyPc,PCS-13049,מחשב מיני Mini Pc GMKtec M5 ULTRA AMD R7-77300U 16GB 1TB W11Pr,images/products/PCS-13049.jpg,מוכן
readyPc,PCS-13050,מחשב מיני GMKtec M5 ULTRA R7 7730U 16GB 512NVME WIN11PRO,images/products/PCS-13050.webp,מוכן
readyPc,PCS-13051,מחשב מיני GMK-M8 R5 PRO 6650H 16GB DDR5 1TB NVME WIN11 Pro,images/products/PCS-13051.webp,מוכן
readyPc,PCS-13052,מחשב מיני GMK-M8 R5 PRO 6650H 16GB DDR5 512 NVME WIN11 Pro,images/products/PCS-13052.webp,מוכן
readyPc,PCS-13054,מחשב AI אישי NVIDIA GB10 Grace Blackwell 128GB GIGABYTE AI TOP AT,images/products/PCS-13054.jpg,מוכן
readyPc,PCS-13055,LENOVO ThinkCentre neo 50Q Gen 5 CORE 7-240H 16GB 512NVME WIN11P,images/products/PCS-13055.webp,מוכן
readyPc,PCS-13056,LENOVO ThinkCentre neo 50Q Gen 5 CORE 7-240H 16GB 1TB NVME WIN11P,images/products/PCS-13056.webp,מוכן
readyPc,PCS-13057,נייח LENOVO ThinkCentre neo 50q Gen 5 CORE 5-210H 16GB 512NVME DO,images/products/PCS-13057.webp,מוכן
readyPc,PCS-13058,נייח LENOVO ThinkCentre neo 50q Gen 5 CORE 7-240H 32GB 1TB NVME,images/products/PCS-13058.webp,מוכן
readyPc,PCS-13059,נייח LENOVO ThinkCentre neo 50Q Gen 5 CORE 5-210H 8GB 256NVME DOS,images/products/PCS-13059.webp,מוכן
readyPc,PCS-13060,נייח LENOVO ThinkCentre neo 50q Gen 5 CORE 7-240H 16GB 512NVME DO,images/products/PCS-13060.webp,מוכן
readyPc,PCS-13061,נייח LENOVO ThinkCentre neo 50q Gen 5 I3-1315U 8GB 512NVME DOS,images/products/PCS-13061.webp,מוכן
readyPc,PCS-13062,מחשב מיני Lenovo Neo 50q G5 i3-1315U 8GB 512GB Win11 Pro,images/products/PCS-13062.webp,מוכן
readyPc,PCS-13063,נייח LENOVO ThinkCentre neo 50q Gen6 Ultra5-226V 16GB 512NVME DOS,images/products/PCS-13063.webp,מוכן
readyPc,PCS-13064,נייח LENOVO ThinkCentre neo 50q Gen6 CORE 7-256V 16GB 512NVME DOS,images/products/PCS-13064.webp,מוכן
peripherals,PRF-14000,סט זכוכיות למארז CX600 TRIO WHITE,images/products/PRF-14000.webp,מוכן
peripherals,PRF-14001,סט כלי עבודה CORSAIR PC DIY Precision Toolkit with Screwdriver,images/products/PRF-14001.webp,מוכן
peripherals,PRF-14002,רמקול ללוח אם Motherboard Speaker,images/products/PRF-14002.jpg,מוכן
peripherals,PRF-14003,מסך Solid F2412Y 23.8 FHD 5ms VA Speakers 120hz Vesa 75 VGA HDMI,images/products/PRF-14003.webp,מוכן
peripherals,PRF-14004,מסך לבן Solid F2412YW 23.8 FHD 5ms VA Speakers 120hz VGA HDMI,images/products/PRF-14004.webp,מוכן
peripherals,PRF-14005,מסך Solid F2712Y 27 FHD 5ms VA Speakers 120hz Vesa 75 VGA HDMI,images/products/PRF-14005.webp,מוכן
peripherals,PRF-14006,מסך לבן Solid F2712YW 27 FHD 5ms VA Speakers 120hz VGA HDMI,images/products/PRF-14006.webp,מוכן
peripherals,PRF-14007,מסך גיימינג קעור Solid JYS238GW FHD 23.8 VA 240Hz 1Ms HDR10,images/products/PRF-14007.webp,מוכן
peripherals,PRF-14008,מסך גיימינג קעור Solid JYS270GW FHD 27 VA 240Hz 1Ms Free-Sync,images/products/PRF-14008.webp,מוכן
peripherals,PRF-14009,מסך גיימינג קעור Solid JYS320GW FHD 31.5 VA 240Hz 1Ms Free-Sync,images/products/PRF-14009.webp,מוכן
peripherals,PRF-14010,מסך SAMSUNG S24D300GAM 24 FHD IPS 5MS 100Hz HDMI VGA BLACK,images/products/PRF-14010.webp,מוכן
peripherals,PRF-14011,מסך SAMSUNG S24D408GAM IPS FHD 100hz Speakers DP 2XHDMI USB HUB,images/products/PRF-14011.webp,מוכן
peripherals,PRF-14012,מסך SAMSUNG S27D300GAM FHD IPS 5MS 100HZ VGA HDMI,images/products/PRF-14012.jpg,מוכן
peripherals,PRF-14013,מסך Samsung Odyssey G3 S27DG302 FHD 180Hz VA 1MS PIVOT,images/products/PRF-14013.jpg,מוכן
peripherals,PRF-14014,מסך מחשב קעור SAMSUNG S27D362GAM 4ms 100Hz FreeSync FHD VGA HDMI,images/products/PRF-14014.jpg,מוכן
peripherals,PRF-14015,מסך קעור לבן Samsung C27F391FHR FHD VA HDMI VGA 4ms,images/products/PRF-14015.webp,מוכן
peripherals,PRF-14016,מסך Samsung Odyssey G5 G50D QHD 27 180Hz 1Ms Gaming Monitor Pivot,images/products/PRF-14016.webp,מוכן
peripherals,PRF-14017,מסך קעור SAMSUNG G5 G55C Odyssey 27 1ms QHD 165Hz FreeSync,images/products/PRF-14017.webp,מוכן
peripherals,PRF-14018,מסך SAMSUNG 27 Odyssey G65B 240Hz 2K Curved Smart 1ms FreeSync,images/products/PRF-14018.jpg,מוכן
peripherals,PRF-14019,מסך חכם SAMSUNG S32 VA 4Ms FHD WIFI BT Tizen os HDR10 Speakers,images/products/PRF-14019.jpg,מוכן
peripherals,PRF-14020,מסך קעור SAMSUNG G5 G55C Odessey 32 1ms QHD 165Hz FreeSync,images/products/PRF-14020.webp,מוכן
peripherals,PRF-14021,מסך SAMSUNG 32 Odyssey G65B 240Hz 2K Curved Smart 1ms FreeSync,images/products/PRF-14021.jpg,מוכן
peripherals,PRF-14022,מסך שטוח Samsung ViewFinity S5 S34C500GAM UWQHD VA 34 FreeSync,images/products/PRF-14022.jpg,מוכן
peripherals,PRF-14023,מסך Samsung Odyssey G5 Series Ultra WQHD 34 VA 1ms HDMI DP,images/products/PRF-14023.jpg,מוכן
peripherals,PRF-14024,מסך קעור Samsung 32 S3 Essential Monitor FHD 100Hz 4Ms VA Black,images/products/PRF-14024.webp,מוכן
peripherals,PRF-14025,מסך Samsung Odyssey G9 48.7 Ultra Wide 32:9 DQHD 240Hz 1ms VA HDR,images/products/PRF-14025.jpg,מוכן
peripherals,PRF-14026,מסך Samsung Odyssey Neo G9 S57CG952NM DUHD VA Quantum Mini-LED 57,images/products/PRF-14026.jpg,מוכן
peripherals,PRF-14027,מסך Dell Alienware 27 2K QD-OLED 280hz 0.03ms G-Sync Freesync,images/products/PRF-14027.jpg,מוכן
peripherals,PRF-14028,מסך קעור Dell Alienware 32 Gaming Monitor VA 2K 1ms 180hz USB,images/products/PRF-14028.jpg,מוכן
peripherals,PRF-14029,מסך Dell P2425H 23.8 FHD IPS 100Hz 5ms,images/products/PRF-14029.jpg,מוכן
peripherals,PRF-14030,מסך Dell Pro P 27 P2726H 120Hz IPS FHD PIVOT 5Ms USB Hub HDMI DP,images/products/PRF-14030.webp,מוכן
peripherals,PRF-14031,מסך לבן Dell S2725QS 4K 4ms IPS 27 Pivot 120hz Speakers HDMI DP,images/products/PRF-14031.webp,מוכן
peripherals,PRF-14032,מסך לבן Dell S3225QS 4K 4ms IPS 32 120hz Speakers HDMI DP,images/products/PRF-14032.webp,מוכן
peripherals,PRF-14033,מסך Dell 32 Plus 4K QD-OLED 0.03ms 120Hz Freesync USB Hub Spk,images/products/PRF-14033.webp,מוכן
peripherals,PRF-14034,מסך קעור DELL S3422DWG WQHD144hz HDR400 21:9 1ms FreeSync Pro,images/products/PRF-14034.webp,מוכן
peripherals,PRF-14035,מסך Dell 24 SE2425HG 200hz FHD IPS 1ms 2XHDMI 1XDP,images/products/PRF-14035.webp,מוכן
peripherals,PRF-14036,מסך Dell 24 240hz IPS FHD 0.5ms FreeSync Premium 2XHDMI 1XDP,images/products/PRF-14036.webp,מוכן
peripherals,PRF-14037,מסך Dell SE2726H FHD IPS 1Ms 144Hz AMD FreeSync 2XHDMI,images/products/PRF-14037.webp,מוכן
peripherals,PRF-14038,מסך Dell 27 SE2726HG 240Hz FHD IPS 0.5Ms 2XHDMI 1XDP,images/products/PRF-14038.webp,מוכן
peripherals,PRF-14040,מסך גיימינג Gigabyte GS25F2 24.5 Inch FHD SS IPS 1Ms 200Hz,images/products/PRF-14040.webp,מוכן
peripherals,PRF-14041,מסך גיימינג Gigabyte GS25F2A 24.5 Inch FHD SS IPS 1Ms 240Hz,images/products/PRF-14041.webp,מוכן
peripherals,PRF-14042,מסך גיימינג קעור Gigabyte GS27FC FHD VA 1MS HDR Ready 180Hz,images/products/PRF-14042.webp,מוכן
peripherals,PRF-14043,מסך Gigabyte GS27FC2 FHD VA 1Ms 240Hz HDR10 Curved Vesa100,images/products/PRF-14043.webp,מוכן
peripherals,PRF-14044,מסך גיימינג Gigabyte GS27FA 27 Inch FHD SS IPS 1Ms 180Hz,images/products/PRF-14044.webp,מוכן
peripherals,PRF-14045,מסך Gigabyte GO27Q24 Gaming Monitor QD-OLED 2K 240Hz 0.03Ms HDR,images/products/PRF-14045.webp,מוכן
peripherals,PRF-14046,מסך Gigabyte MO27Q28G 4th Gen Woled QHD G-Sync KVM 280hz 0.03Ms,images/products/PRF-14046.webp,מוכן
peripherals,PRF-14047,מסך Gigabyte MO27Q28GR OLED Gaming Monitor 2K 280Hz 0.03Ms G-Sync,images/products/PRF-14047.webp,מוכן
peripherals,PRF-14048,מסך גיימינג Gigabyte G27U 4K SS IPS 160HZ/320HZ 1Ms Pivot HDR400,images/products/PRF-14048.webp,מוכן
peripherals,PRF-14049,מסך גיימינג Gigabyte G27UP 4K SS IPS 160HZ/320HZ 1Ms Pivot HDR400,images/products/PRF-14049.webp,מוכן
peripherals,PRF-14050,מסך גיימינג Gigabyte GS27U 4K SS IPS 160Hz 1MS HDR Ready,images/products/PRF-14050.webp,מוכן
peripherals,PRF-14051,מסך גיימינג שטוח Gigabyte GS27Q X 2K 2560X1440 250HZ 1MS SS IPS,images/products/PRF-14051.webp,מוכן
peripherals,PRF-14052,מסך גיימינג Gigabyte GS27QA QHD SS IPS 180Hz 1MS HDR Ready,images/products/PRF-14052.webp,מוכן
peripherals,PRF-14053,מסך קעור Gigabyte GS27QCA VA 180hz QHD HDR Ready AMD FreeSync,images/products/PRF-14053.webp,מוכן
peripherals,PRF-14054,מסך גיימינג Gigabyte M27Q2 27 Inch 2K SS IPS 1Ms 200Hz,images/products/PRF-14054.webp,מוכן
peripherals,PRF-14055,מסך גיימינג לבן Gigabyte M27Q2 ICE 27 Inch 2K SS IPS 1Ms 200Hz,images/products/PRF-14055.webp,מוכן
peripherals,PRF-14056,מסך גיימינג חכם Gigabyte M27QS 2K SS IPS 1Ms 180Hz Google TV,images/products/PRF-14056.webp,מוכן
peripherals,PRF-14057,מסך גיימינג Gigabyte M27Q3 2K 1Ms SS IPS 320Hz KVM G-Sync,images/products/PRF-14057.webp,מוכן
peripherals,PRF-14058,מסך GIGABYTE AORUS FO27Q5P 27 2K QD-OLED 0.03ms 500Hz HDR USB KVM,images/products/PRF-14058.webp,מוכן
peripherals,PRF-14059,מסך MO27Q2A 2K QHD 27 OLED 0.03ms 280Hz GIGABYTE,images/products/PRF-14059.webp,מוכן
peripherals,PRF-14060,מסך GIGABYTE MO27U2 4K UHD 27 QD-OLED 0.03ms 240Hz,images/products/PRF-14060.webp,מוכן
peripherals,PRF-14061,מסך גיימינג Gigabyte M27UA 4K SS IPS 160Hz 1MS HDR USB HUB,images/products/PRF-14061.webp,מוכן
peripherals,PRF-14062,מסך גיימינג Gigabyte M27UP 4K SS IPS 160Hz 1MS HDR USB HUB,images/products/PRF-14062.webp,מוכן
peripherals,PRF-14063,מסך גיימינג לבן Gigabyte M27UP 4K SS IPS 160Hz 1MS HDR USB HUB,images/products/PRF-14063.webp,מוכן
peripherals,PRF-14064,מסך גיימינג Gigabyte M28U 4K UHD 28 SS IPS 1ms 144Hz HDR 8BITS,images/products/PRF-14064.webp,מוכן
peripherals,PRF-14065,מסך קעור Gigabyte GS32QCA SS VA 1ms 2K QHD 180Hz FreeSync Tilt,images/products/PRF-14065.webp,מוכן
peripherals,PRF-14066,מסך GIGABYTE GS32QA 32 Inch QHD 180HZ 1MS SS IPS HDR RDY,images/products/PRF-14066.webp,מוכן
peripherals,PRF-14067,מסך GIGABYTE Aorus FO32U 4K UHD 31.5 QD-OLED 0.03ms 165Hz,images/products/PRF-14067.webp,מוכן
peripherals,PRF-14068,מסך GIGABYTE Aorus FO32U2 4K UHD 31.5 QD-OLED 0.03ms 240Hz,images/products/PRF-14068.webp,מוכן
peripherals,PRF-14069,מסך GIGABYTE Aorus FO32U2P 4K UHD 31.5 QD-OLED 0.03ms 240Hz,images/products/PRF-14069.webp,מוכן
peripherals,PRF-14070,מסך Gigabyte MO32U2 EK 4K QD-OLED 0.03Ms 240Hz Adaptive Sync,images/products/PRF-14070.webp,מוכן
peripherals,PRF-14071,מסך Gigabyte MO32U24 OLED 4K Gaming Monitor 240Hz 0.03ms,images/products/PRF-14071.webp,מוכן
peripherals,PRF-14072,מסך קעור Gigabyte G34WQC2 VA WQHD 3440X1440 1ms 200Hz Speakers,images/products/PRF-14072.webp,מוכן
peripherals,PRF-14073,מסך Gigabyte GS34WQCA 34 WQHD VA 1Ms 120Hz HDR10 Curved Vesa100,images/products/PRF-14073.webp,מוכן
peripherals,PRF-14074,מסך Gigabyte MO34WQC2 QD-OLED WQHD 240Hz 0.03ms FreeSync,images/products/PRF-14074.webp,מוכן
peripherals,PRF-14075,מסך AORUS CO49DQ Ultra-Wide DQHD OLED 0.03ms 144Hz KVM HDR,images/products/PRF-14075.webp,מוכן
peripherals,PRF-14076,מסך גיימינג Gigabyte G27Q3 2K 1Ms 320Hz SS IPS AMD FreeSync,images/products/PRF-14076.webp,מוכן
peripherals,PRF-14077,מסך ThinkVision S24-4e 4ms 100Hz FHD IPS 23.8 HDMI VGA Black Vesa,images/products/PRF-14077.webp,מוכן
peripherals,PRF-14078,מסך LENOVO ThinkVision S27-4e FHD IPS 100Hz 4ms Vesa HDMI VGA,images/products/PRF-14078.webp,מוכן
peripherals,PRF-14079,מסך Lenovo C27-40 FHD 4ms 75hz VA HDMI VGA,images/products/PRF-14079.webp,מוכן
peripherals,PRF-14080,מקלדת קטנה בלוטוס Gold Touch Bluetooth Keyboard KY200-BT,images/products/PRF-14080.webp,מוכן
peripherals,PRF-14081,מקלדת לוגיטק חוטית עברית אנגלית LOGITECH K120,images/products/PRF-14081.jpg,מוכן
peripherals,PRF-14082,מקלדת ארגונומית אלחוטית LOGITECH LOGI Wave Keys,images/products/PRF-14082.webp,מוכן
peripherals,PRF-14083,מקלדת Logitech G213 Prodigy Gaming Keyboard With RGB,images/products/PRF-14083.webp,מוכן
peripherals,PRF-14084,מקלדת גיימינג Razer BlackWidow v3 TKL Wired RGB Green Switches,images/products/PRF-14084.jpg,מוכן
peripherals,PRF-14085,מקלדת גיימינג Razer Ornata v3 X Low Profile Membrane Switches,images/products/PRF-14085.webp,מוכן
peripherals,PRF-14086,מקלדת גיימינג RAZER BlackWidow V4 X Green Mechanical Switch,images/products/PRF-14086.jpg,מוכן
peripherals,PRF-14087,עכבר Razer DeathAdder V2 X HyperSpeed Wireless Gaming Mouse Black,images/products/PRF-14087.jpg,מוכן
peripherals,PRF-14088,עכבר RAZER DeathAdder V3 30K Optical Sensor Wired Gaming Mouse,images/products/PRF-14088.jpg,מוכן
peripherals,PRF-14089,עכבר Turtle Beach Pure SEL BLACK Wired Gaming Mouse 8K DPI USB,images/products/PRF-14089.jpg,מוכן
peripherals,PRF-14090,עכבר חוטי ASUS MU101C Black,images/products/PRF-14090.jpg,מוכן
peripherals,PRF-14091,עכבר חוטי Lenovo Essential USB Mouse,images/products/PRF-14091.webp,מוכן
peripherals,PRF-14092,עכבר Logitech Mouse B100,images/products/PRF-14092.webp,מוכן
peripherals,PRF-14093,עכבר אלחוטי ASUS MW202 Night Blue,images/products/PRF-14093.jpeg,מוכן
peripherals,PRF-14094,עכבר אלחוטי ASUS WT465 V2 Ergonomic design 2.4GHZ Black,images/products/PRF-14094.webp,מוכן
peripherals,PRF-14095,עכבר אלחוטי ASUS WT465 V2 Ergonomic design 2.4GHZ White,images/products/PRF-14095.jpg,מוכן
peripherals,PRF-14096,עכבר אלחוטי ארגונומי ASUS WT300 2.4GHZ Black-Red,images/products/PRF-14096.jpg,מוכן
peripherals,PRF-14097,עכבר אלחוטי CUDY MS9945 2.4 and BT Black,images/products/PRF-14097.webp,מוכן
peripherals,PRF-14098,עכבר אלחוטי CUDY MS9945 2.4 and BT White,images/products/PRF-14098.webp,מוכן
peripherals,PRF-14099,עכבר אלחוטי HP 255 DUAL WIRELESS BT and 2.4Ghz,images/products/PRF-14099.webp,מוכן
peripherals,PRF-14100,עכבר אלחוטי שקט Lenovo 600 BT Silent Mouse,images/products/PRF-14100.jpg,מוכן
peripherals,PRF-14101,עכבר אלחוטי Lenovo Essential Compact Wireless Mouse,images/products/PRF-14101.jpg,מוכן
peripherals,PRF-14102,עכבר Logitech Wireless Mouse M705,images/products/PRF-14102.webp,מוכן
peripherals,PRF-14103,עכבר Logitech Wireless Mouse B170,images/products/PRF-14103.jpg,מוכן
peripherals,PRF-14105,עכבר אלחוטי Logitech M171 Wireless Mouse Blue,images/products/PRF-14105.jpg,מוכן
peripherals,PRF-14106,עכבר אלחוטי Logitech M171 1000DPI OFF-WHITE,images/products/PRF-14106.webp,מוכן
peripherals,PRF-14107,עכבר קומפקטי LOGITECH M196 BT up to 12 Month battery Graphite,images/products/PRF-14107.jpg,מוכן
peripherals,PRF-14108,עכבר שחור Logitech MX Master 3S BT 8000 Dpi Ergonomic,images/products/PRF-14108.jpg,מוכן
peripherals,PRF-14109,עכבר Logitech M575S TrackBall Off-White Blue Ball 2000DPI BT,images/products/PRF-14109.webp,מוכן
peripherals,PRF-14110,עכבר אלחוטי Logitech Bluetooth M720,images/products/PRF-14110.jpg,מוכן
peripherals,PRF-14111,סט חוטי ASUS U2000 Keyboard And Mouse wired Set,images/products/PRF-14111.jpg,מוכן
peripherals,PRF-14112,סט חוטי Lenovo Essential Wired Hebrew/English incl Copilot Key,images/products/PRF-14112.webp,מוכן
peripherals,PRF-14113,סט מקלדת ועכבר חוטי Logitech MK120,images/products/PRF-14113.webp,מוכן
peripherals,PRF-14115,סט אלחוטי ASUS CW100 HEBREW ENGLISH WIRELESS MOUSE And KEYBOARD,images/products/PRF-14115.jpg,מוכן
peripherals,PRF-14116,סט אלחוטי 3 שפות ASUS CW100 KEY+MOUSE HEBREW ENGLISH ARABIC,images/products/PRF-14116.jpg,מוכן
peripherals,PRF-14117,סט אלחוטי 3 שפות ASUS CW100 KEY+MOUSE HEBREW ENGLISH RUSSIAN,images/products/PRF-14117.jpg,מוכן
peripherals,PRF-14118,סט מקלדת ועכבר אלחוטי CUDY MK200 2.4Ghz Silent Keyboard And Mouse,images/products/PRF-14118.webp,מוכן
peripherals,PRF-14119,סט אלחוטי Dell Wireless Keyboard and Mouse ENG/HEB,images/products/PRF-14119.jpg,מוכן
peripherals,PRF-14120,סט אלחוטי Copilot Black + LENOVO Essential Wireless combo gen2,images/products/PRF-14120.webp,מוכן
peripherals,PRF-14121,סט אלחוטי לבן 2 שפות Lenovo 510 Wireless Set Hebrew English,images/products/PRF-14121.jpg,מוכן
peripherals,PRF-14122,סט אלחוטי שחור Logitech MK370 Combo for Business BT/2.4,images/products/PRF-14122.webp,מוכן
peripherals,PRF-14123,סט מקלדת ועכבר אל חוטי Logitech Wireless Desktop MK270,images/products/PRF-14123.webp,מוכן
peripherals,PRF-14124,סט מקלדת ועכבר אלחוטיים Logitech MK540 Advanced,images/products/PRF-14124.webp,מוכן
peripherals,PRF-14126,משטח שולחני לעכבר GT XL Table Pad Black,images/products/PRF-14126.webp,מוכן
peripherals,PRF-14127,משטח שולחני לעכבר GT XL Table Pad Gray,images/products/PRF-14127.webp,מוכן
peripherals,PRF-14128,משטח לעכבר Razer Gigantus v2 Mouse Pad Medium Size Black,images/products/PRF-14128.jpg,מוכן
peripherals,PRF-14130,משטח לעכבר Turtle Beach SENSE CORE XXL,images/products/PRF-14130.jpg,מוכן
peripherals,PRF-14131,רמקולים Logitech Z150 2.0 Multimedia Speakers BLACK,images/products/PRF-14131.webp,מוכן
peripherals,PRF-14132,רמקולים Logitech Z207 2.0 Stereo With Bluetooth Black,images/products/PRF-14132.webp,מוכן
peripherals,PRF-14133,רמקולים Logitech Z207 2.0 Stereo With Bluetooth Peak 10W White,images/products/PRF-14133.jpg,מוכן
peripherals,PRF-14134,רמקולים Logitech Z120 2.0 Multimedia Speakers,images/products/PRF-14134.webp,מוכן
peripherals,PRF-14135,רמקולים Logitech S150 USB Stereo Speakers,images/products/PRF-14135.jpg,מוכן
peripherals,PRF-14136,רמקולים למחשב Creative Pebble V2 Black 2.0 USB powered Black,images/products/PRF-14136.jpg,מוכן
peripherals,PRF-14137,רמקולים Black Creative Pebble Plus 2.1 USB,images/products/PRF-14137.jpg,מוכן
peripherals,PRF-14138,רמקולים למחשב Creative Pebble 2.0 Black USB powered Black,images/products/PRF-14138.jpg,מוכן
peripherals,PRF-14139,רמקולים למחשב USB powered White Creative Pebble,images/products/PRF-14139.jpg,מוכן
peripherals,PRF-14140,רמקולים למחשב Creative Pebble V3 2.0 8W RMS PEAK BT 5.0 USB power,images/products/PRF-14140.webp,מוכן
peripherals,PRF-14141,רמקולים CREATIVE STAGE V2 2.1 SOUNDBAR+SUBWOOFER BT 5.0 160W ARC,images/products/PRF-14141.jpg,מוכן
peripherals,PRF-14142,רמקולים Edifier G1000 White BT AUX 10W RGB,images/products/PRF-14142.webp,מוכן
peripherals,PRF-14143,רמקולים Edifier R1280T Brown Retro Look Speakers 42W RMS DUAL RCA,images/products/PRF-14143.webp,מוכן
peripherals,PRF-14144,רמקולים Edifier R1280T White Retro Look Speakers 42W RMS DUAL RCA,images/products/PRF-14144.webp,מוכן
peripherals,PRF-14145,רמקולים Edifier R12U Black USB Compact Speakers 4W RMS AUX,images/products/PRF-14145.webp,מוכן
peripherals,PRF-14146,רמקולים Edifier R12U White USB Compact Speakers 4W RMS AUX,images/products/PRF-14146.webp,מוכן
peripherals,PRF-14147,רמקולים Edifier G1500 MAX 2.1 RGB Gaming Speakers 30W RMS BT AUX,images/products/PRF-14147.webp,מוכן
peripherals,PRF-14148,רמקולים Edifier G2000 Gaming Speaker 16W RMS 12 Light Effects,images/products/PRF-14148.webp,מוכן
peripherals,PRF-14149,רמקול נייד Bluetooth נייד צבע שחור EDIFIER ES20 6W,images/products/PRF-14149.jpg,מוכן
peripherals,PRF-14150,רמקול נייד Bluetooth נייד צבע שנהב EDIFIER ES20 6W,images/products/PRF-14150.jpg,מוכן
peripherals,PRF-14151,רמקולים Edifier MR3 Black 2.0 Studio Speakers 36W RMS BT 5.4,images/products/PRF-14151.webp,מוכן
peripherals,PRF-14152,רמקולים Edifier MR3 White 2.0 Studio Speakers 36W RMS BT 5.4,images/products/PRF-14152.webp,מוכן
peripherals,PRF-14153,רמקולים סטריאו Edifier R19BT 4W Deep Bass AUX,images/products/PRF-14153.jpg,מוכן
peripherals,PRF-14154,רמקולים מדפיים מוגברים Edifier S1000MKII 120W RMS RCA/OPTICAL/BT,images/products/PRF-14154.webp,מוכן
peripherals,PRF-14155,מיקרופון שולחני GOLD TOUCH 1.5 USB CABEL GAMING MIC,images/products/PRF-14155.webp,מוכן
peripherals,PRF-14157,אוזניות אלחוטיות ביטול רעשים אקטיבי Edifier W800BT Pro Black BT,images/products/PRF-14157.jpg,מוכן
peripherals,PRF-14158,אוזניות אלחוטיות ביטול רעשים אקטיבי Edifier W800BT Pro Ivory BT,images/products/PRF-14158.jpg,מוכן
peripherals,PRF-14159,אוזניות גיימינג Edifier G5BT Cat Pink Wireless Gaming Headset BT,images/products/PRF-14159.webp,מוכן
peripherals,PRF-14160,אזניות אלחוטיות Edifier K750 BT5.4 with Mic Black up to 55H music,images/products/PRF-14160.webp,מוכן
peripherals,PRF-14161,אזניות אלחוטיות Edifier K750 BT5.4 with Mic Grey up to 55H music,images/products/PRF-14161.webp,מוכן
peripherals,PRF-14162,אוזניות BLACK EDIFIER K800 WITH MICROPHONE USB,images/products/PRF-14162.jpg,מוכן
peripherals,PRF-14163,אוזניות Logitech USB Headset H340 With Microphone,images/products/PRF-14163.webp,מוכן
peripherals,PRF-14164,אוזניות ומיקרופון Logitech H390 USB Headphones Black,images/products/PRF-14164.jpg,מוכן
peripherals,PRF-14165,אוזניות ומיקרופון Logitech 960 USB HEADSET,images/products/PRF-14165.jpg,מוכן
peripherals,PRF-14166,אוזניות Turtle Beach Recon 50 Gaming HeadSet 3.5mm Jack XBOX/PC,images/products/PRF-14166.jpg,מוכן
peripherals,PRF-14167,אוזניות Turtle Beach Recon 70X Black Wired Gaming HeadSet 3.5mm J,images/products/PRF-14167.jpg,מוכן
peripherals,PRF-14168,אוזניות Turtle Beach Recon 70 White Wired Gaming HeadSet 3.5mm Ja,images/products/PRF-14168.jpg,מוכן
peripherals,PRF-14169,אוזניות Turtle Beach Recon 70 Greem Camo 40mm Speakers With Mic,images/products/PRF-14169.jpg,מוכן
peripherals,PRF-14170,מצלמת אינטרנט CREATIVE LIVE CAM SYNC 1080 V2,images/products/PRF-14170.jpg,מוכן
peripherals,PRF-14171,מצלמת אינטרנט GOLD TOUCH 1080P MIC USB 2.0,images/products/PRF-14171.webp,מוכן
peripherals,PRF-14172,מצלמת אינטרנט HP 325 FHD plus Mic Webcam usb,images/products/PRF-14172.webp,מוכן
peripherals,PRF-14173,מצלמת אינטרנט Lenovo Performance FHD Webcam and Mic,images/products/PRF-14173.jpg,מוכן
peripherals,PRF-14174,מצלמת אינטרנט Lenovo QHD Webcam 2K 4MP MIC USB,images/products/PRF-14174.webp,מוכן
peripherals,PRF-14175,מצלמת אינטרנט Lenovo UHD Webcam 4K 8MP MIC USB,images/products/PRF-14175.jpg,מוכן
peripherals,PRF-14176,מצלמת אינטרנט Lenovo Essential FHD DUAL MIC and Shutter Webcam,images/products/PRF-14176.jpg,מוכן
peripherals,PRF-14177,מצלמת רשת LOGITECH BRIO 105 FHD Built in Mic Auto Brightness,images/products/PRF-14177.webp,מוכן
peripherals,PRF-14178,מצלמת אינטרנט Logitech C270 720P Built in Mic,images/products/PRF-14178.webp,מוכן
peripherals,PRF-14179,מצלמת אינטרנט Logitech C920 1080p HD Pro Webcam With Mic,images/products/PRF-14179.jpg,מוכן
peripherals,PRF-14180,מצלמת אינטרנט Verbatim AWC-01 FHD 1080P Autofocus with Mic,images/products/PRF-14180.webp,מוכן
peripherals,PRF-14181,מצלמת אינטרנט Verbatim AWC-03 UHD 4K Autofocus with Dual Mic,images/products/PRF-14181.webp,מוכן
peripherals,PRF-14182,מסך מוניטור לבן 9 PR-TFT9HD-W,images/products/PRF-14182.webp,מוכן
peripherals,PRF-14183,מסך מוניטור לבן 7 PR-IPS7-W,images/products/PRF-14183.webp,מוכן
laptop,LAP-12000,נייד GIGABYTE A16 AMD R7 260 16GB 512Nvme RTX5050 WIFI6E 16 FHD+,images/products/LAP-12000.webp,מוכן
laptop,LAP-12001,נייד GIGABYTE A16 AMD R7 260 16GB 1TB Nvme RTX 5060 8GB IPS 3VH,images/products/LAP-12001.webp,מוכן
laptop,LAP-12002,נייד GIGABYTE A16 AMD R7 260 32GB 1TB Nvme RTX 5060 8GB IPS 3VH,images/products/LAP-12002.webp,מוכן
laptop,LAP-12003,נייד GIGABYTE A16 WH RYZEN 7 260 16GB 1TB NVME RTX 5070 8GB IPS,images/products/LAP-12003.webp,מוכן
laptop,LAP-12004,נייד Gigabyte A16 Pro Core7-240H 32GB DDR5 1TB Nvme RTX5070Ti DOS,images/products/LAP-12004.webp,מוכן
laptop,LAP-12005,נ. GIGABYTE A18 AMD R7 260 16GB 1TB Nvme RTX5060 WIFI6E 18 WQXGA,images/products/LAP-12005.webp,מוכן
laptop,LAP-12006,נ. GIGABYTE A18 AMD R7 260 32GB 1TB Nvme RTX5060 WIFI6E 18 WQXGA,images/products/LAP-12006.webp,מוכן
laptop,LAP-12007,נ. GIGABYTE A18 AMD R7 260 16GB 1TB Nvme RTX5070 WIFI6E 18 WQXGA,images/products/LAP-12007.webp,מוכן
laptop,LAP-12008,נייד AERO X16 Ryzen AI7 350 16GB 1TB RTX5060 WIFI6E 16 QHD WIN11,images/products/LAP-12008.webp,מוכן
laptop,LAP-12009,נייד DynaBook Tecra A40-K U5-225U 16GB 512Nvme Touch DOS 3YOS,images/products/LAP-12009.jpg,מוכן
laptop,LAP-12010,DynaBook Tecra A60-M U5-225U 16GB 512NVME 16 Touch Win11P 3YOS,images/products/LAP-12010.webp,מוכן
laptop,LAP-12011,DynaBook Tecra A60-M U7-255U 16GB 1TB NVME 16 Touch Win11P 3YOS,images/products/LAP-12011.webp,מוכן
laptop,LAP-12012,נ. DynaBook Portege X30L-M U7-155U 32GB 1TB NVME 13.3 Win11P 3YOS,images/products/LAP-12012.webp,מוכן
laptop,LAP-12013,נ. LENOVO Thinkpad E14 gen7 Ultra 7 258V 32GB 512GB WIN11 Pro 3y,images/products/LAP-12013.webp,מוכן
laptop,LAP-12014,נ. LENOVO Thinkpad E14 gen7 Ultra 7 258V 32GB 1TB WIN11 Pro 3y,images/products/LAP-12014.webp,מוכן
laptop,LAP-12015,נייד Lenovo ThinkPad E14 Gen7 Ultra 5 228V 32GB 512NVME WIN11P 3Y,images/products/LAP-12015.webp,מוכן
laptop,LAP-12016,נייד Lenovo ThinkPad E14 Gen7 Ultra 5 228V 32GB 512NVME WIN11P 3Y,images/products/LAP-12016.webp,מוכן
laptop,LAP-12017,LENOVO Thinkpad E14 gen7 Ultra 5 228V 32GB 1TB NVME WIN11 Pro 3y,images/products/LAP-12017.webp,מוכן
laptop,LAP-12018,נייד LENOVO Thinkpad E14 gen7 Ultra 7 255H 16GB 512NVME DOS 3y,images/products/LAP-12018.webp,מוכן
laptop,LAP-12021,נייד LENOVO Thinkpad E14 gen7 Ultra 7 255H 16GB 1TB WIN11 Pro 3y,images/products/LAP-12021.webp,מוכן
laptop,LAP-12023,נייד LENOVO Thinkpad E14 gen7 Ultra 5 225U 16GB 512GB WIN11 P 3y,images/products/LAP-12023.webp,מוכן
laptop,LAP-12024,LENOVO Thinkpad E14 gen7 Ultra 7 255H 16GB 512NVME WIN11 Pro 3y,images/products/LAP-12024.webp,מוכן
laptop,LAP-12025,נייד Lenovo ThinkPad E14 Gen7 Ultra 7 256V 16GB 512NVME DOS 3Y,images/products/LAP-12025.webp,מוכן
laptop,LAP-12026,נייד LENOVO Thinkpad E14 gen7 Ultra 7 255H 32GB 1TB WIN11 Pro 3y,images/products/LAP-12026.webp,מוכן
laptop,LAP-12027,מחשב נייד Lenovo ThinkPad E16 Gen3 Ultra 5 226V 16GB 512GB DOS 3Y,images/products/LAP-12027.webp,מוכן
laptop,LAP-12028,נייד Lenovo ThinkPad E16 Gen3 Ultra 5 228V 32GB 512NVME WIN11P 3Y,images/products/LAP-12028.webp,מוכן
laptop,LAP-12029,נייד Lenovo ThinkPad E16 Gen3 Ultra 7 258V 32GB 1TB NVME DOS 3Y,images/products/LAP-12029.webp,מוכן
laptop,LAP-12030,מחשב נייד Lenovo ThinkPad E16 Gen3 Ultra 5 225U 16GB 512GB DOS 3Y,images/products/LAP-12030.webp,מוכן
laptop,LAP-12031,נייד Lenovo ThinkPad E16 Gen3 Ultra 7 255H 16GB 512NVME DOS 3Y,images/products/LAP-12031.webp,מוכן
laptop,LAP-12032,נ. Lenovo ThinkPad E16 Gen3 Ultra 7 255H 16GB 1TB NVME WIN11P 3Y,images/products/LAP-12032.webp,מוכן
laptop,LAP-12033,נייד Lenovo ThinkPad E16 Gen3 Ultra 7 258V 32GB 512NVME DOS 3Y,images/products/LAP-12033.webp,מוכן
laptop,LAP-12034,נייד Lenovo ThinkPad E16 Gen3 Ultra 7 258V 32GB 512NVME WIN11P 3Y,images/products/LAP-12034.webp,מוכן
laptop,LAP-12035,נייד LENOVO Thinkpad E16 gen3 Ultra 7 255H 16GB 512NVME Win11P 3Y,images/products/LAP-12035.webp,מוכן
laptop,LAP-12036,נ. LENOVO ThinkBook E14 G9 U5 325U 16GB 512NVME WIN11P Touch 3YOS,images/products/LAP-12036.webp,מוכן
laptop,LAP-12037,נ. LENOVO ThinkBook E14 G9 Ultra 5 325U 16GB 512NVME WIN11P 3YOS,images/products/LAP-12037.webp,מוכן
laptop,LAP-12038,נייד LENOVO ThinkBook E14 G9 Ultra 5 325U 16GB 512NVME DOS 3YOS,images/products/LAP-12038.webp,מוכן
laptop,LAP-12039,נייד LENOVO ThinkBook E14 G9 Ultra 7 355 16GB 1TB WIN11P 3YOS,images/products/LAP-12039.webp,מוכן
laptop,LAP-12040,נייד LENOVO ThinkBook E14 G9 Ultra 7 355 16GB 512NVME WIN11P 3YOS,images/products/LAP-12040.webp,מוכן
laptop,LAP-12041,נייד LENOVO ThinkBook E14 G9 Ultra 7 355 16GB 512NVME DOS 3YOS,images/products/LAP-12041.webp,מוכן
laptop,LAP-12044,מחשב נייד LENOVO ThinkBook 16 G9 U7-355 16GB 512GB DOS 3Y,images/products/LAP-12044.webp,מוכן
laptop,LAP-12045,נייד LENOVO Thinkbook E16 gen8 Ultra 5 325U 32GB 1TB DOS 3YOS,images/products/LAP-12045.webp,מוכן
laptop,LAP-12050,נייד LENOVO V14 i7-13620H 16GB 512NVME 14 FHD Intel UHD DOS Black,images/products/LAP-12050.webp,מוכן
laptop,LAP-12051,נייד Lenovo V14 i5-13420H 16GB 512NVME FHD intel UHD DOS,images/products/LAP-12051.webp,מוכן
laptop,LAP-12052,נייד LENOVO V15 ATHLON Silver 7120U 8GB 256NVME 15.6 FHD DOS blac,images/products/LAP-12052.webp,מוכן
laptop,LAP-12053,מחשב נייד Asus VivoBook GO 14 Intel N150 8GB 128UFS DOS Silver,images/products/LAP-12053.jpg,מוכן
laptop,LAP-12054,מחשב נייד Asus VivoBook GO 14 Intel N150 8GB 256UFS DOS Silver,images/products/LAP-12054.jpg,מוכן
laptop,LAP-12055,נייד ASUS VivoBook 14 CORE 5 120U 16GB 512NVME FHD DOS Blue,images/products/LAP-12055.jpg,מוכן
laptop,LAP-12056,נייד ASUS VivoBook 14 CORE 5 120U 16GB 512NVME FHD DOS,images/products/LAP-12056.jpg,מוכן
laptop,LAP-12057,מחשב נייד ASUS VivoBook 14 Core 3 100U 8GB 512NVME DOS Silver,images/products/LAP-12057.jpg,מוכן
laptop,LAP-12058,נייד ASUS VivoBook 14 CORE 5 120U 8GB 512NVME FHD DOS,images/products/LAP-12058.jpg,מוכן
laptop,LAP-12059,נייד ASUS VivoBook 14 Core 7 150U 16GB 512NVME Intel UHD FHD DOS,images/products/LAP-12059.jpeg,מוכן
laptop,LAP-12060,נייד ASUS VivoBook 14 Core 7-150U 16GB 512NVME Intel UHD FHD DOS,images/products/LAP-12060.webp,מוכן
laptop,LAP-12061,נייד ASUS VivoBook Go 14 AMD Ryzen 5 40 16GB 1TB NVME FHD WIN11H,images/products/LAP-12061.jpg,מוכן
laptop,LAP-12062,נייד ASUS Vivobook AMD R7-170 16GB 1T SSD 15.6 AMD Graphics DOS,images/products/LAP-12062.webp,מוכן
laptop,LAP-12063,נייד ASUS Vivobook AMD R5-150 16GB 1T SSD 15.6 AMD Graphics DOS,images/products/LAP-12063.jpg,מוכן
laptop,LAP-12064,נייד ASUS ExpertBook Essential P1 Core 5-210H 8GB 512Nvme 15.6 DO,images/products/LAP-12064.webp,מוכן
laptop,LAP-12065,נייד ASUS ExpertBook Essential P1 Core 5-210H 16GB 512Nvme 15.6 D,images/products/LAP-12065.webp,מוכן
laptop,LAP-12066,נייד ASUS VivoBook 15 Core 5 120U 16GB 512NVME WIN11H Blue 3Y,images/products/LAP-12066.jpg,מוכן
laptop,LAP-12067,נייד Asus Vivobook Go 15 R3 30 8GB LPDDR5 512NVME DOS Black,images/products/LAP-12067.jpg,מוכן
laptop,LAP-12068,נייד Asus Vivobook Go 15 R5 40 16GB LPDDR5 1TB NVME DOS Black,images/products/LAP-12068.jpg,מוכן
laptop,LAP-12069,נייד ASUS VivoBook 15 Core 7 150U 16GB 1TB NVME 15.6 FHD DOS Blue,images/products/LAP-12069.jpg,מוכן
laptop,LAP-12070,מחשב נייד ASUS VivoBook 15 Core 3 100U 8GB 512NVME DOS Blue,images/products/LAP-12070.jpg,מוכן
laptop,LAP-12071,מחשב נייד ASUS VivoBook 15 Core 3 100U 8GB 512NVME DOS,images/products/LAP-12071.jpg,מוכן
laptop,LAP-12072,נייד ASUS VivoBook 15 Core 7 150U 16GB 512NVME 15.6 DOS Silver,images/products/LAP-12072.jpg,מוכן
laptop,LAP-12073,מחשב נייד ASUS VivoBook 15 Core 3 100U 8GB 512NVME Win 11 Home,images/products/LAP-12073.jpg,מוכן
laptop,LAP-12074,מחשב נייד ASUS VivoBook 15 Core 5 120U 16GB 1TB NVME WIN11H Blue,images/products/LAP-12074.jpg,מוכן
laptop,LAP-12075,נייד ASUS VivoBook 15 Core 7 150U 16GB 512NVME 15.6 WIN11 Home,images/products/LAP-12075.webp,מוכן
laptop,LAP-12076,נייד ASUS VivoBook 15 Core 5 120U 16GB 512NVME 15.6 FHD DOS Blue,images/products/LAP-12076.webp,מוכן
laptop,LAP-12077,נ. ASUS VivoBook 15 Core 5 320 16GB 512NVME 15.6 FHD TOUCH WIN11,images/products/LAP-12077.jpg,מוכן
laptop,LAP-12078,נייד ASUS VivoBook 15 Core 5 320 16GB 512NVME FHD IPS DOS Silver,images/products/LAP-12078.jpg,מוכן
laptop,LAP-12079,נייד ASUS VivoBook Core 5 120U 16GB 1TB NVME 15.6 DOS TOUCH,images/products/LAP-12079.webp,מוכן
laptop,LAP-12080,נ. ASUS VivoBook 15 Core 5 120U 16GB 1TB NVME 15.6 FHD TOUCH DOS,images/products/LAP-12080.jpg,מוכן
laptop,LAP-12081,נייד ASUS VivoBook 15 Core 7 150U 16GB 1TB NVME 15.6 FHD Touch DO,images/products/LAP-12081.jpg,מוכן
laptop,LAP-12082,נייד Asus VivoBook NB-X 16 CORE 9 270H 16GB 1TB NVMe WUXGA DOS,images/products/LAP-12082.jpg,מוכן
laptop,LAP-12083,נייד Asus VivoBook NB-X 16 CORE 9 270H 24GB 1TB NVMe WUXGA DOS,images/products/LAP-12083.jpg,מוכן
laptop,LAP-12084,נייד ASUS VivoBook Core 7 150U 16GB 1TB FHD 17.3 IPS DOS Blue,images/products/LAP-12084.webp,מוכן
laptop,LAP-12085,נייד ASUS VivoBook Core 7 150U 16GB 1TB FHD 17.3 IPS DOS Silver,images/products/LAP-12085.webp,מוכן
laptop,LAP-12086,נייד ASUS Vivobook X Core 5 120U 16GB 1T NVME 17.3 FHD DOS Blue,images/products/LAP-12086.webp,מוכן
laptop,LAP-12087,נייד ASUS UX3405CA Ultra 5 225H 16GB 1TB NVME 14 3K OLED WIN11H,images/products/LAP-12087.webp,מוכן
laptop,LAP-12088,נייד ASUS UX3405CA Ultra 5 225H 16GB 512NVME 14 3K OLED DOS Blue,images/products/LAP-12088.jpg,מוכן
laptop,LAP-12089,נייד ASUS UX3405CA Ultra 5 225H 16GB 1TB NVME 14 3K OLED DOS,images/products/LAP-12089.webp,מוכן
laptop,LAP-12090,נייד ASUS UX3405CA Ultra 5 225H 16GB 1TB NVME 14 3K OLED DOS Blue,images/products/LAP-12090.jpg,מוכן
laptop,LAP-12091,נייד ASUS UX3405CA Ultra 7 255H 32GB 1TB NVME 14 3K OLED DOS Blue,images/products/LAP-12091.jpg,מוכן
laptop,LAP-12092,נייד ASUS UX3405CA Ultra 9 285H 32GB 1TB NVME 14 3K OLED DOS,images/products/LAP-12092.jpg,מוכן
laptop,LAP-12093,נ. ASUS UX3405CA Ultra 5 225H 16GB 1TB NVME 14 3K OLED DOS Touch,images/products/LAP-12093.jpg,מוכן
laptop,LAP-12094,נייד ASUS UX3405CA Ultra 7 255H 16GB 1TB NVME 14 3K OLED WIN11H,images/products/LAP-12094.webp,מוכן
laptop,LAP-12095,נייד ASUS UX3405CA Ultra 9 285H 32GB 1TB NVME 14 3K OLED WIN11H,images/products/LAP-12095.jpg,מוכן
laptop,LAP-12096,ASUS ZenBook 14 Ryzen Ai 5 430 16GB 1TB NVME WIN11H 1YOS OLED,images/products/LAP-12096.webp,מוכן
laptop,LAP-12097,ASUS ZenBook 14 Ryzen Ai 7 445 32GB 1TB NVME WIN11H 1YOS OLED,images/products/LAP-12097.webp,מוכן
laptop,LAP-12098,ASUS ZenBook 14 Ryzen Ai 5 430 16GB 1TB NVME DOS 1YOS OLED,images/products/LAP-12098.webp,מוכן
laptop,LAP-12099,נייד ASUS VivoBook S 14 Snapdragon X1 16GB 1TB NVME WIN11 Home 3Y,images/products/LAP-12099.jpg,מוכן
laptop,LAP-12100,נייד ASUS TUF Gaming A14 Ryzen AI 7 350 16GB 1TB NVME RTX5060 DOS,images/products/LAP-12100.jpg,מוכן
laptop,LAP-12101,נייד ASUS VivoBook S 14 AMD AI 5 340 16GB 512NVME WUXGA OLED DOS,images/products/LAP-12101.webp,מוכן
laptop,LAP-12102,נייד ASUS VivoBook S 14 Ryzen AI 7 350 24GB 1TB MVME Win11H 3K,images/products/LAP-12102.webp,מוכן
laptop,LAP-12103,נייד ASUS TUF F16 Core 5 16GB 512NVME RTX 4050 16 WIN11 Home 3Y,images/products/LAP-12103.webp,מוכן
laptop,LAP-12104,נייד ASUS TUF Gaming 16 CORE 5 210H 16GB 512NVME RTX 4050 DOS,images/products/LAP-12104.webp,מוכן
laptop,LAP-12105,נייד ASUS TUF Gaming 16 CORE 5 210H 16GB 1TB NVME RTX 3050 WIN11H,images/products/LAP-12105.webp,מוכן
laptop,LAP-12106,נייד ASUS TUF Gaming 16 CORE 5 210H 16GB 1TB NVME RTX 3050 DOS 3Y,images/products/LAP-12106.webp,מוכן
laptop,LAP-12107,נייד ASUS TUF F16 i7-14650HX 32GB 1TB RTX 5070 16 2.5K DOS 3Y,images/products/LAP-12107.webp,מוכן
laptop,LAP-12108,נייד ASUS TUF Gaming 16 I7-14650HX 32GB 1TB NVME RTX 5060 DOS 3Y,images/products/LAP-12108.webp,מוכן
laptop,LAP-12109,נייד ASUS TUF Gaming I7-14650HX 32GB 1TB NVME RTX 5060 WIN11H 3Y,images/products/LAP-12109.webp,מוכן
laptop,LAP-12110,מחשב נייד ASUS TUF GAMING A16 R9-8940HX 16GB 1TB NVME RTX 5060 3Y,images/products/LAP-12110.jpg,מוכן
laptop,LAP-12111,נייד ASUS TUF Gaming Ryzen 7 260 16GB 1TB NVME RTX 5050 DOS 3Y,images/products/LAP-12111.jpg,מוכן
laptop,LAP-12112,נייד ASUS TUF Gaming 16 I7-14650HX 16GB 1TB NVME RTX 5060 DOS 3Y,images/products/LAP-12112.webp,מוכן
laptop,LAP-12113,מחשב נייד ASUS TUF GAMING F16 R9-8940HX 32GB 1TB NVME RTX5060 3Y,images/products/LAP-12113.jpg,מוכן
laptop,LAP-12114,מחשב נייד ASUS TUF GAMING A16 R9-8940HX 32GB 2TB NVME RTX 5060 3Y,images/products/LAP-12114.jpg,מוכן
laptop,LAP-12115,נייד ASUS TUF Gaming 16 I7-14650HX 32GB 2TB NVME RTX 5060 DOS 3Y,images/products/LAP-12115.webp,מוכן
laptop,LAP-12116,נייד ASUS TUF Gaming Ryzen 7 260 32GB 1TB NVME RTX 5060 DOS 3Y,images/products/LAP-12116.jpg,מוכן
laptop,LAP-12117,מחשב נייד ASUS TUF GAMING F16 I5-14450HX 16GB 1TB NVME RTX5050 3Y,images/products/LAP-12117.webp,מוכן
laptop,LAP-12118,נייד ASUS TUF Gaming Ryzen 7 260 32GB 1TB NVME RTX 5060 DOS 3Y,images/products/LAP-12118.jpg,מוכן
laptop,LAP-12119,נייד ASUS TUF Gaming 16 I7-14650HX 32GB 1TB NVME RTX 5060 DOS 3Y,images/products/LAP-12119.webp,מוכן
laptop,LAP-12120,מחשב נייד Asus TUF Gaming A18 Ryzen7 260 32GB DDR5 5060 8GB VRAM,images/products/LAP-12120.jpg,מוכן
laptop,LAP-12121,נייד ASUS TUF Gaming A18 R7-260 16GB 1TB NVME RTX5060 IPS DOS 3Y,images/products/LAP-12121.jpg,מוכן
laptop,LAP-12122,מחשב נייד Dell PV1520 i7-1355U 16GB 512Nvme 15.6 DOS Black 3YOS,images/products/LAP-12122.jpg,מוכן
laptop,LAP-12123,מחשב נייד Dell PV1520 i5-1334U 16GB 512Nvme 15.6 DOS Black 3YOS,images/products/LAP-12123.jpg,מוכן
laptop,LAP-12124,מחשב נייד Dell PV1520 i7-1355U 16GB 512Nvme 15.6 DOS Black 3YOS,images/products/LAP-12124.jpg,מוכן
laptop,LAP-12125,מחשב נייד Dell PV1520 i5-1334U 16GB 512Nvme 15.6 Win11 Home 3YOS,images/products/LAP-12125.jpg,מוכן
laptop,LAP-12126,נייד HP PD 14 Core 7-150U 16GB DDR4 512NVME DOS 1YOS Black,images/products/LAP-12126.webp,מוכן
laptop,LAP-12127,נייד HP NoteBook 15 i7-1355U 16GB 512NVME 15.6 FHD WHITE 1YOS,images/products/LAP-12127.jpeg,מוכן
laptop,LAP-12128,נייד HP U200E 15.6 CORE 7 150U 16GB 512NVME DOS FHD White 3YOS,images/products/LAP-12128.webp,מוכן
laptop,LAP-12129,נייד HP NoteBook 15 i7-1355U 16GB 512NVME 15.6 FHD WHITE 1YOS,images/products/LAP-12129.jpeg,מוכן
laptop,LAP-12130,מחשב נייד HP U200E 15.6 CORE 5 120U 16GB 512NVME DOS FHD Blue,images/products/LAP-12130.webp,מוכן
laptop,LAP-12131,מחשב נייד HP U200E 15.6 CORE 5 120U 16GB 512NVME DOS FHD White,images/products/LAP-12131.webp,מוכן
laptop,LAP-12132,נייד HP 250R G9 CORE 5 120U 16GB 512NVME 15.6 FHD DOS 3Y OS,images/products/LAP-12132.webp,מוכן
laptop,LAP-12133,נייד HP 255R G10 AMD Ryzen7 7735U 16GB 512NVME 15.6 DOS 1Y Black,images/products/LAP-12133.webp,מוכן
laptop,LAP-12134,ASUS Vivibook / Vivobook S warranty update to 3 Years,images/products/LAP-12134.jpg,מוכן
laptop,LAP-12135,ASUS Zenbook / Vivobook Pro series warranty update to 3 Years,images/products/LAP-12135.jpg,מוכן
laptop,LAP-12136,עכבר חוטי Lenovo ThinkPad USB-C Wired compact Mouse,images/products/LAP-12136.webp,מוכן
laptop,LAP-12137,עכבר שקט Lenovo ThinkPad Bluetooth Silent Mouse Black,images/products/LAP-12137.webp,מוכן
laptop,LAP-12139,עכבר אלחוטי Lenovo Thinkpad Essential Wireless Mouse Black,images/products/LAP-12139.webp,מוכן
